"1","Afghanistan","ADB; CICA; CP; ECO; EITI (candidate country); FAO; G-77; IAEA; IBRD; ICAO; ICC (NGOs); ICRM; IDA; IDB; IFAD; IFC; IFRCS; ILO; IMF; Interpol; IOC; IOM; IPU; ISO (correspondent); ITSO; ITU; MIGA; NAM; OIC; OPCW; OSCE (partner); SAARC; SACEP; SCO (observer); UN; UNCTAD; UNESCO; UNIDO; UNWTO; UPU; WCO; WFTU (NGOs); WHO; WIPO; WMO; WTO"
"2","Albania","BSEC; CD; CE; CEI; EAPC; EBRD; EITI (candidate country); FAO; IAEA; IBRD; ICAO; ICC (national committees); ICRM; IDA; IDB; IFAD; IFC; IFRCS; ILO; IMF; IMO; Interpol; IOC; IOM; IPU; ISO (correspondent); ITU; ITUC (NGOs); MIGA; NATO; OAS (observer); OIC; OIF; OPCW; OSCE; PCA; SELEC; UN; UNCTAD; UNESCO; UNIDO; UNWTO; UPU; WCO; WFTU (NGOs); WHO; WIPO; WMO; WTO"
"3","Algeria","ABEDA; AfDB; AFESD; AMF; AMU; AU; BIS; CAEU; CD; FAO; G-15; G-24; G-77; IAEA; IBRD; ICAO; ICC (national committees); ICRM; IDA; IDB; IFAD; IFC; IFRCS; IHO; ILO; IMF; IMO; IMSO; Interpol; IOC; IOM; IPU; ISO; ITSO; ITU; ITUC (NGOs); LAS; MIGA; MONUSCO; NAM; OAPEC; OAS (observer); OIC; OPCW; OPEC; OSCE (partner); UN; UNCTAD; UNESCO; UNHCR; UNIDO; UNITAR; UNWTO; UPU; WCO; WHO; WIPO; WMO; WTO (observer)"
"4","American Samoa","AOSIS; Interpol (subbureau); IOC; PIF (observer); SPC; UPU"
"5","Andorra","CE; FAO; ICAO; ICC (NGOs); ICRM; IFRCS; Interpol; IOC; IPU; ITU; OIF; OPCW; OSCE; UN; UNCTAD; UNESCO; Union Latina; UNWTO; WCO; WHO; WIPO; WTO (observer)"
"6","Angola","ACP; AfDB; AU; CPLP; FAO; G-77; IAEA; IBRD; ICAO; ICRM; IDA; IFAD; IFC; IFRCS; ILO; IMF; IMO; Interpol; IOC; IOM; IPU; ISO (correspondent); ITSO; ITU; ITUC (NGOs); MIGA; NAM; OAS (observer); OPEC; SADC; UN; UNCTAD; UNESCO; UNIDO; Union Latina; UNWTO; UPU; WCO; WFTU (NGOs); WHO; WIPO; WMO; WTO"
"7","Anguilla","Caricom (associate); CDB; Interpol (subbureau); OECS; UPU"
"8","Antigua and Barbuda","ACP; AOSIS; C; Caricom; CDB; CELAC; FAO; G-77; IBRD; ICAO; ICC (NGOs); ICRM; IDA; IFAD; IFC; IFRCS; ILO; IMF; IMO; IMSO; Interpol; IOC; IOM; ISO (subscriber); ITU; ITUC (NGOs); MIGA; NAM; OAS; OECS; OPANAL; OPCW; Petrocaribe; UN; UNCTAD; UNESCO; UPU; WFTU (NGOs); WHO; WIPO; WMO; WTO"
"9","Argentina","AfDB (nonregional member); Australia Group; BCIE; BIS; CAN (associate); CD; CELAC; FAO; FATF; G-15; G-20; G-24; G-77; IADB; IAEA; IBRD; ICAO; ICC (national committees); ICRM; IDA; IFAD; IFC; IFRCS; IHO; ILO; IMF; IMO; IMSO; Interpol; IOC; IOM; IPU; ISO; ITSO; ITU; ITUC (NGOs); LAES; LAIA; Mercosur; MIGA; MINURSO; MINUSTAH; NAM (observer); NSG; OAS; OPANAL; OPCW; Paris Club (associate); PCA; SICA (observer); UN; UN Security Council (temporary); UNASUR; UNCTAD; UNESCO; UNFICYP; UNHCR; UNIDO; Union Latina (observer); UNTSO; UNWTO; UPU; WCO; WFTU (NGOs); WHO; WIPO; WMO; WTO; ZC"
"10","Armenia","ADB; BSEC; CD; CE; CIS; CSTO; EAEC (observer); EAPC; EBRD; FAO; GCTU; IAEA; IBRD; ICAO; ICC (NGOs); ICRM; IDA; IFAD; IFC; IFRCS; ILO; IMF; Interpol; IOC; IOM; IPU; ISO; ITSO; ITU; MIGA; NAM (observer); OAS (observer); OIF; OPCW; OSCE; PFP; UN; UNCTAD; UNESCO; UNIDO; UNIFIL; UNWTO; UPU; WCO; WFTU (NGOs); WHO; WIPO; WMO; WTO"
"11","Aruba","Caricom (observer); FATF; ILO; IMF; Interpol; IOC; ITUC (NGOs); UNESCO (associate); UNWTO (associate); UPU"
"12","Australia","ADB; ANZUS; APEC; ARF; ASEAN (dialogue partner); Australia Group; BIS; C; CD; CP; EAS; EBRD; EITI (implementing country); FAO; FATF; G-20; IAEA; IBRD; ICAO; ICC (national committees); ICRM; IDA; IEA; IFC; IFRCS; IHO; ILO; IMF; IMO; IMSO; Interpol; IOC; IOM; IPU; ISO; ITSO; ITU; ITUC (NGOs); MIGA; NEA; NSG; OECD; OPCW; OSCE (partner); Paris Club; PCA; PIF; SAARC (observer); SICA (observer); Sparteca; SPC; UN; UN Security Council (temporary); UNCTAD; UNESCO; UNHCR; UNMISS; UNMIT; UNRWA; UNTSO; UNWTO; UPU; WCO; WFTU (NGOs); WHO; WIPO; WMO; WTO; ZC"
"13","Austria","ADB (nonregional member); AfDB (nonregional member); Australia Group; BIS; BSEC (observer); CD; CE; CEI; CERN; EAPC; EBRD; ECB; EIB; EMU; ESA; EU; FAO; FATF; G-9; IADB; IAEA; IBRD; ICAO; ICC (national committees); ICRM; IDA; IEA; IFAD; IFC; IFRCS; IGAD (partners); ILO; IMF; IMO; Interpol; IOC; IOM; IPU; ISO; ITSO; ITU; ITUC (NGOs); MIGA; MINURSO; NEA; NSG; OAS (observer); OECD; OIF (observer); OPCW; OSCE; Paris Club; PCA; PFP; Schengen Convention; SELEC (observer); UN; UNCTAD; UNDOF; UNESCO; UNFICYP; UNHCR; UNIFIL; UNTSO; UNWTO; UPU; WCO; WFTU (NGOs); WHO; WIPO; WMO; WTO; ZC"
"14","Azerbaijan","ADB; BSEC; CD; CE; CICA; CIS; EAPC; EBRD; ECO; EITI (compliant country); FAO; GCTU; GUAM; IAEA; IBRD; ICAO; ICC (NGOs); ICRM; IDA; IDB; IFAD; IFC; IFRCS; ILO; IMF; IMO; Interpol; IOC; IOM; IPU; ISO; ITSO; ITU; ITUC (NGOs); MIGA; NAM; OAS (observer); OIC; OPCW; OSCE; PFP; SELEC (observer); UN; UN Security Council (temporary); UNCTAD; UNESCO; UNHCR; UNIDO; UNWTO; UPU; WCO; WFTU (NGOs); WHO; WIPO; WMO; WTO (observer)"
"15","Bahamas, The","ACP; AOSIS; C; Caricom; CDB; CELAC; FAO; G-77; IADB; IBRD; ICAO; ICRM; IDA; IFAD; IFC; IFRCS; ILO; IMF; IMO; IMSO; Interpol; IOC; IOM; ITSO; ITU; LAES; MIGA; NAM; OAS; OPANAL; OPCW; Petrocaribe; UN; UNCTAD; UNESCO; UNIDO; UNWTO; UPU; WCO; WHO; WIPO; WMO; WTO (observer)"
"16","Bahrain","ABEDA; AFESD; AMF; CAEU; CICA; FAO; G-77; GCC; IAEA; IBRD; ICAO; ICC (national committees); ICRM; IDA; IDB; IFC; IFRCS; IHO; ILO; IMF; IMO; IMSO; Interpol; IOC; IOM (observer); IPU; ISO; ITSO; ITU; ITUC (NGOs); LAS; MIGA; NAM; OAPEC; OIC; OPCW; PCA; UN; UNCTAD; UNESCO; UNIDO; UNWTO; UPU; WCO; WFTU (NGOs); WHO; WIPO; WMO; WTO"
"17","Bangladesh","ADB; ARF; BIMSTEC; C; CD; CICA (observer); CP; D-8; FAO; G-77; IAEA; IBRD; ICAO; ICC (national committees); ICRM; IDA; IDB; IFAD; IFC; IFRCS; IHO; ILO; IMF; IMO; IMSO; Interpol; IOC; IOM; IPU; ISO; ITSO; ITU; ITUC (NGOs); MIGA; MINURSO; MONUSCO; NAM; OIC; OPCW; PCA; SAARC; SACEP; UN; UNAMID; UNCTAD; UNESCO; UNHCR; UNIDO; UNIFIL; UNISFA; UNMIL; UNMISS; UNMIT; UNOCI; UNWTO; UPU; WCO; WFTU (NGOs); WHO; WIPO; WMO; WTO"
"18","Barbados","ACP; AOSIS; C; Caricom; CDB; CELAC; FAO; G-77; IADB; IBRD; ICAO; ICRM; IDA; IFAD; IFC; IFRCS; ILO; IMF; IMO; Interpol; IOC; ISO; ITSO; ITU; ITUC (NGOs); LAES; MIGA; NAM; OAS; OPANAL; OPCW; UN; UNCTAD; UNESCO; UNIDO; UPU; WCO; WFTU (NGOs); WHO; WIPO; WMO; WTO"
"19","Belarus","BSEC (observer); CBSS (observer); CEI; CIS; CSTO; EAEC; EAPC; EBRD; FAO; GCTU; IAEA; IBRD; ICAO; ICC (NGOs); ICRM; IDA; IFC; IFRCS; ILO; IMF; IMSO; Interpol; IOC; IOM; IPU; ISO; ITU; ITUC (NGOs); MIGA; NAM; NSG; OPCW; OSCE; PCA; PFP; SCO (dialogue member); UN; UNCTAD; UNESCO; UNIDO; UNIFIL; UNWTO; UPU; WCO; WFTU (NGOs); WHO; WIPO; WMO; WTO (observer); ZC"
"20","Belgium","ADB (nonregional members); AfDB (nonregional members); Australia Group; Benelux; BIS; CD; CE; CERN; EAPC; EBRD; ECB; EIB; EITI (implementing country); EMU; ESA; EU; FAO; FATF; G-9; G-10; IADB; IAEA; IBRD; ICAO; ICC (national committees); ICRM; IDA; IEA; IFAD; IFC; IFRCS; IGAD (partners); IHO; ILO; IMF; IMO; IMSO; Interpol; IOC; IOM; IPU; ISO; ITSO; ITU; ITUC (NGOs); MIGA; MONUSCO; NATO; NEA; NSG; OAS (observer); OECD; OIF; OPCW; OSCE; Paris Club; PCA; Schengen Convention; SELEC (observer); UN; UNCTAD; UNESCO; UNHCR; UNIDO; UNIFIL; UNRWA; UNTSO; UPU; WCO; WHO; WIPO; WMO; WTO; ZC"
"21","Belize","ACP; AOSIS; C; Caricom; CD; CDB; CELAC; FAO; G-77; IADB; IAEA; IBRD; ICAO; ICC (NGOs); ICRM; IDA; IFAD; IFC; IFRCS; ILO; IMF; IMO; Interpol; IOC; IOM; ITU; LAES; MIGA; NAM; OAS; OPANAL; OPCW; PCA; Petrocaribe; SICA; UN; UNCTAD; UNESCO; UNIDO; UPU; WCO; WHO; WIPO; WMO; WTO"
"22","Benin","ACP; AfDB; AU; CD; ECOWAS; Entente; FAO; FZ; G-77; IAEA; IBRD; ICAO; ICRM; IDA; IDB; IFAD; IFC; IFRCS; ILO; IMF; IMO; Interpol; IOC; IOM; IPU; ISO (correspondent); ITSO; ITU; ITUC (NGOs); MIGA; MONUSCO; NAM; OAS (observer); OIC; OIF; OPCW; PCA; UN; UNCTAD; UNESCO; UNHCR; UNIDO; UNISFA; UNMIL; UNMISS; UNOCI; UNWTO; UPU; WAEMU; WCO; WFTU (NGOs); WHO; WIPO; WMO; WTO"
"23","Bermuda","Caricom (associate); ICC (NGOs); Interpol (subbureau); IOC; ITUC (NGOs); UPU; WCO"
"24","Bhutan","ADB; BIMSTEC; CP; FAO; G-77; IBRD; ICAO; IDA; IFAD; IFC; IMF; Interpol; IOC; IOM (observer); ISO (correspondent); ITSO; ITU; NAM; OPCW; SAARC; SACEP; UN; UNCTAD; UNESCO; UNIDO; UNWTO; UPU; WCO; WHO; WIPO; WMO; WTO (observer)"
"25","Bolivia","CAN; CD; CELAC; FAO; G-77; IADB; IAEA; IBRD; ICAO; ICC (national committees); ICRM; IDA; IFAD; IFC; IFRCS; ILO; IMF; IMO; Interpol; IOC; IOM; IPU; ISO (correspondent); ITSO; ITU; LAES; LAIA; Mercosur (associate); MIGA; MINUSTAH; MONUSCO; NAM; OAS; OPANAL; OPCW; PCA; UN; UNASUR; UNCTAD; UNESCO; UNFICYP; UNIDO; Union Latina; UNISFA; UNMIL; UNMISS; UNOCI; UNWTO; UPU; WCO; WFTU (NGOs); WHO; WIPO; WMO; WTO"
"26","Bosnia and Herzegovina","BIS; CD; CE; CEI; EAPC; EBRD; FAO; G-77; IAEA; IBRD; ICAO; ICC (NGOs); ICRM; IDA; IFAD; IFC; IFRCS; ILO; IMF; IMO; IMSO; Interpol; IOC; IOM; IPU; ISO; ITSO; ITU; ITUC (NGOs); MIGA; MONUSCO; NAM (observer); OAS (observer); OIC (observer); OIF (observer); OPCW; OSCE; PFP; SELEC; UN; UNCTAD; UNESCO; UNIDO; UNWTO; UPU; WCO; WHO; WIPO; WMO; WTO (observer)"
"27","Botswana","ACP; AfDB; AU; C; CD; FAO; G-77; IAEA; IBRD; ICAO; ICRM; IDA; IFAD; IFC; IFRCS; ILO; IMF; Interpol; IOC; IOM; IPU; ISO; ITSO; ITU; ITUC (NGOs); MIGA; NAM; OPCW; SACU; SADC; UN; UNCTAD; UNESCO; UNIDO; UNWTO; UPU; WCO; WFTU (NGOs); WHO; WIPO; WMO; WTO"
"28","Brazil","AfDB (nonregional member); BIS; BRICS; CAN (associate); CD; CELAC; CPLP; FAO; FATF; G-15; G-20; G-24; G-77; IADB; IAEA; IBRD; ICAO; ICC (national committees); ICRM; IDA; IFAD; IFC; IFRCS; IHO; ILO; IMF; IMO; IMSO; Interpol; IOC; IOM; IPU; ISO; ITSO; ITU; ITUC (NGOs); LAES; LAIA; LAS (observer); Mercosur; MIGA; MINURSO; MINUSTAH; NAM (observer); NSG; OAS; OECD (Enhanced Engagement; OPANAL; OPCW; Paris Club (associate); PCA; SICA (observer); UN; UNASUR; UNCTAD; UNESCO; UNFICYP; UNHCR; UNIDO; UNIFIL; Union Latina; UNISFA; UNITAR; UNMIL; UNMISS; UNMIT; UNOCI; UNWTO; UPU; WCO; WFTU (NGOs); WHO; WIPO; WMO; WTO"
"29","British Virgin Islands","Caricom (associate); CDB; Interpol (subbureau); IOC; OECS; UNESCO (associate); UPU"
"30","Brunei","ADB; APEC; ARF; ASEAN; C; CP; EAS; G-77; IBRD; ICAO; ICC (NGOs); ICRM; IDA; IDB; IFRCS; ILO; IMF; IMO; IMSO; Interpol; IOC; ISO (correspondent); ITSO; ITU; NAM; OIC; OPCW; UN; UNCTAD; UNESCO; UNIFIL; UNWTO; UPU; WCO; WHO; WIPO; WMO; WTO"
"31","Bulgaria","Australia Group; BIS; BSEC; CD; CE; CEI; CERN; EAPC; EBRD; EIB; EU; FAO; G- 9; IAEA; IBRD; ICAO; ICC (national committees); ICRM; IDA; IFC; IFRCS; IHO (pending member); ILO; IMF; IMO; IMSO; Interpol; IOC; IOM; IPU; ISO; ITSO; ITU; ITUC (NGOs); MIGA; NATO; NSG; OAS (observer); OIF; OPCW; OSCE; PCA; SELEC; UN; UNCTAD; UNESCO; UNHCR; UNIDO; UNMIL; UNWTO; UPU; WCO; WFTU (NGOs); WHO; WIPO; WMO; WTO; ZC"
"32","Burkina Faso","ACP; AfDB; AU; CD; ECOWAS; EITI (candidate country); Entente; FAO; FZ; G-77; IAEA; IBRD; ICAO; ICC (NGOs); ICRM; IDA; IDB; IFAD; IFC; IFRCS; ILO; IMF; Interpol; IOC; IOM; IPU; ISO (correspondent); ITSO; ITU; ITUC (NGOs); MIGA; MONUSCO; NAM; OIC; OIF; OPCW; PCA; UN; UNAMID; UNCTAD; UNESCO; UNIDO; UNISFA; UNITAR; UNWTO; UPU; WADB (regional); WAEMU; WCO; WFTU (NGOs); WHO; WIPO; WMO; WTO"
"33","Burma","ADB; ARF; ASEAN; BIMSTEC; CP; EAS; FAO; G-77; IAEA; IBRD; ICAO; ICRM; IDA; IFAD; IFC; IFRCS; IHO; ILO; IMF; IMO; Interpol; IOC; IOM; IPU; ISO (correspondent); ITU; ITUC (NGOs); NAM; OPCW (signatory); SAARC (observer); UN; UNCTAD; UNESCO; UNIDO; UNWTO; UPU; WCO; WHO; WIPO; WMO; WTO"
"34","Burundi","ACP; AfDB; AU; CEPGL; COMESA; EAC; FAO; G-77; IAEA; IBRD; ICAO; ICRM; IDA; IFAD; IFC; IFRCS; ILO; IMF; Interpol; IOC; IOM; IPU; ISO (correspondent); ITU; ITUC (NGOs); MIGA; NAM; OIF; OPCW; UN; UNAMID; UNCTAD; UNESCO; UNIDO; UNISFA; UNWTO; UPU; WCO; WHO; WIPO; WMO; WTO"
"35","Cabo Verde","ACP; AfDB; AOSIS; AU; CD; CPLP; ECOWAS; FAO; G-77; IAEA; IBRD; ICAO; ICRM; IDA; IFAD; IFC; IFRCS; ILO; IMF; IMO; Interpol; IOC; IOM; IPU; ITSO; ITU; ITUC (NGOs); MIGA; NAM; OIF; OPCW; UN; UNCTAD; UNESCO; UNIDO; Union Latina; UNWTO; UPU; WCO; WHO; WIPO; WMO; WTO"
"36","Cambodia","ADB; ARF; ASEAN; CICA; CICA (observer); EAS; FAO; G-77; IAEA; IBRD; ICAO; ICRM; IDA; IFAD; IFC; IFRCS; ILO; IMF; IMO; Interpol; IOC; IOM; IPU; ISO (correspondent); ITU; MIGA; NAM; OIF; OPCW; PCA; UN; UNCTAD; UNESCO; UNIDO; UNIFIL; UNMISS; UNWTO; UPU; WCO; WFTU (NGOs); WHO; WIPO; WMO; WTO"
"37","Cameroon","ACP; AfDB; AU; BDEAC; C; CEMAC; EITI (candidate country); FAO; FZ; G-77; IAEA; IBRD; ICAO; ICC (national committees); ICRM; IDA; IDB; IFAD; IFC; IFRCS; IHO; ILO; IMF; IMO; IMSO; Interpol; IOC; IOM; IPU; ISO; ITSO; ITU; ITUC (NGOs); MIGA; MONUSCO; NAM; OIC; OIF; OPCW; PCA; UN; UNAMID; UNCTAD; UNESCO; UNHCR; UNIDO; UNWTO; UPU; WCO; WFTU (NGOs); WHO; WIPO; WMO; WTO"
"38","Canada","ADB (nonregional member); AfDB (nonregional member); APEC; Arctic Council; ARF; ASEAN (dialogue partner); Australia Group; BIS; C; CD; CDB; CE (observer); EAPC; EBRD; EITI (implementing country); FAO; FATF; G-20; G-7; G-8; G-10; IADB; IAEA; IBRD; ICAO; ICC (national committees); ICRM; IDA; IEA; IFAD; IFC; IFRCS; IGAD (partners); IHO; ILO; IMF; IMO; IMSO; Interpol; IOC; IOM; IPU; ISO; ITSO; ITU; ITUC (NGOs); MIGA; MINUSTAH; MONUSCO; NAFTA; NATO; NEA; NSG; OAS; OECD; OIF; OPCW; OSCE; Paris Club; PCA; PIF (partner); UN; UNAMID; UNCTAD; UNESCO; UNFICYP; UNHCR; UNMISS; UNRWA; UNTSO; UPU; WCO; WFTU (NGOs); WHO; WIPO; WMO; WTO; ZC"
"39","Cayman Islands","Caricom (associate); CDB; Interpol (subbureau); IOC; UNESCO (associate); UPU"
"40","Central African Republic","ACP; AfDB; AU; BDEAC; CEMAC; EITI (compliant country); FAO; FZ; G-77; IAEA; IBRD; ICAO; ICRM; IDA; IFAD; IFC; IFRCS; ILO; IMF; Interpol; IOC; IOM; ITSO; ITU; ITUC (NGOs); MIGA; NAM; OIC; OIF; OPCW; UN; UNCTAD; UNESCO; UNIDO; UNWTO; UPU; WCO; WHO; WIPO; WMO; WTO"
"41","Chad","ACP; AfDB; AU; BDEAC; CEMAC; EITI (candidate country); FAO; FZ; G-77; IAEA; IBRD; ICAO; ICRM; IDA; IDB; IFAD; IFC; IFRCS; ILO; IMF; Interpol; IOC; IOM; IPU; ITSO; ITU; ITUC (NGOs); MIGA; NAM; OIC; OIF; OPCW; UN; UNCTAD; UNESCO; UNIDO; UNOCI; UNWTO; UPU; WCO; WHO; WIPO; WMO; WTO"
"42","Chile","APEC; BIS; BRICS; CAN (associate); CD; CELAC; FAO; G-15; G-77; IADB; IAEA; IBRD; ICAO; ICC (national committees); ICRM; IDA; IFAD; IFC; IFRCS; IHO; ILO; IMF; IMO; IMSO; Interpol; IOC; IOM; IPU; ISO; ITSO; ITU; ITUC (NGOs); LAES; LAIA; Mercosur (associate); MIGA; MINUSTAH; NAM; OAS; OECD (Enhanced Engagement; OPANAL; OPCW; PCA; SICA (observer); UN; UNASUR; UNCTAD; UNESCO; UNFICYP; UNHCR; UNIDO; Union Latina; UNMOGIP; UNTSO; UNWTO; UPU; WCO; WFTU (NGOs); WHO; WIPO; WMO; WTO"
"43","China","ADB; AfDB (nonregional member); APEC; ARF; ASEAN (dialogue partner); BIS; CDB; CICA; EAS; FAO; FATF; G-20; G-24 (observer); G-77; IADB; IAEA; IBRD; ICAO; ICC (national committees); ICRM; IDA; IFAD; IFC; IFRCS; IHO; ILO; IMF; IMO; IMSO; Interpol; IOC; IOM (observer); IPU; ISO; ITSO; ITU; LAIA (observer); MIGA; MINURSO; MONUSCO; NAM (observer); NSG; OAS (observer); OPCW; PCA; PIF (partner); SAARC (observer); SCO; SICA (observer); UN; UNAMID; UNCTAD; UNESCO; UNFICYP; UNHCR; UNIDO; UNIFIL; UNISFA; UNMIL; UNMISS; UNMIT; UNOCI; UNSC (permanent); UNTSO; UNWTO; UPU; WCO; WHO; WIPO; WMO; WTO; ZC"
"44","Christmas Island","none"
"45","Cocos (Keeling) Islands","none"
"46","Colombia","BCIE; BIS; CAN; Caricom (observer); CD; CDB; CELAC; FAO; G-3; G-24; G-77; IADB; IAEA; IBRD; ICAO; ICC (national committees); ICRM; IDA; IFAD; IFC; IFRCS; IHO; ILO; IMF; IMO; IMSO; Interpol; IOC; IOM; IPU; ISO; ITSO; ITU; ITUC (NGOs); LAES; LAIA; Mercosur (associate); MIGA; NAM; OAS; OPANAL; OPCW; PCA; UN; UNASUR; UNCTAD; UNESCO; UNHCR; UNIDO; Union Latina; UNSC (temporary); UNWTO; UPU; WCO; WFTU (NGOs); WHO; WIPO; WMO; WTO"
"47","Comoros","ACP; AfDB; AMF; AOSIS; AU; CAEU (candidates); COMESA; FAO; FZ; G-77; IBRD; ICAO; ICRM; IDA; IDB; IFAD; IFC; IFRCS; ILO; IMF; IMO; IMSO; InOC; Interpol; IOC; IOM; ITSO; ITU; ITUC (NGOs); LAS; NAM; OIC; OIF; OPCW; UN; UNCTAD; UNESCO; UNIDO; UPU; WCO; WHO; WIPO; WMO; WTO (observer)"
"48","Congo, Democratic Republic of the","ACP; AfDB; AU; CEPGL; COMESA; EITI (candidate country); FAO; G-24; G-77; IAEA; IBRD; ICAO; ICRM; IDA; IFAD; IFC; IFRCS; IHO; ILO; IMF; IMO; Interpol; IOC; IOM; IPU; ISO; ITSO; ITU; ITUC (NGOs); MIGA; NAM; OIF; OPCW; PCA; SADC; UN; UNCTAD; UNESCO; UNHCR; UNIDO; UNWTO; UPU; WCO; WFTU (NGOs); WHO; WIPO; WMO; WTO"
"49","Congo, Republic of the","ACP; AfDB; AU; BDEAC; CEMAC; EITI (candidate country); FAO; FZ; G-77; IAEA; IBRD; ICAO; ICRM; IDA; IFAD; IFC; IFRCS; ILO; IMF; IMO; Interpol; IOC; IOM; IPU; ISO (correspondent); ITSO; ITU; ITUC (NGOs); MIGA; NAM; OIF; OPCW; UN; UNCTAD; UNESCO; UNHCR; UNIDO; UNITAR; UNWTO; UPU; WCO; WFTU (NGOs); WHO; WIPO; WMO; WTO"
"50","Cook Islands","ACP; ADB; AOSIS; FAO; ICAO; ICRM; IFAD; IFRCS; IMO; IMSO; IOC; ITUC (NGOs); OPCW; PIF; Sparteca; SPC; UNESCO; UPU; WHO; WMO"
"51","Costa Rica","BCIE; CACM; CD; CELAC; FAO; G-77; IADB; IAEA; IBRD; ICAO; ICC (national committees); ICRM; IDA; IFAD; IFC; IFRCS; ILO; IMF; IMO; IMSO; Interpol; IOC; IOM; IPU; ISO; ITSO; ITU; ITUC (NGOs); LAES; LAIA (observer); MIGA; NAM (observer); OAS; OPANAL; OPCW; PCA; SICA; UN; UNCTAD; UNESCO; UNHCR; UNIDO; Union Latina; UNWTO; UPU; WCO; WFTU (NGOs); WHO; WIPO; WMO; WTO"
"52","Cote d'Ivoire","ACP; AfDB; AU; ECOWAS; EITI (candidate country); Entente; FAO; FZ; G-24; G-77; IAEA; IBRD; ICAO; ICC; ICRM; IDA; IDB; IFAD; IFC; IFRCS; ILO; IMF; IMO; Interpol; IOC; IOM; IPU; ISO; ITSO; ITU; ITUC (NGOs); MIGA; NAM; OIC; OIF; OPCW; UN; UNCTAD; UNESCO; UNHCR; UNIDO; Union Latina; UNWTO; UPU; WADB (regional); WAEMU; WCO; WFTU (NGOs); WHO; WIPO; WMO; WTO"
"53","Croatia","Australia Group; BIS; BSEC (observer); CD; CE; CEI; EAPC; EBRD; EU; FAO; G-11; IADB; IAEA; IBRD; ICAO; ICC (national committees); ICRM; IDA; IFAD; IFC; IFRCS; IHO; ILO; IMF; IMO; IMSO; Interpol; IOC; IOM; IPU; ISO; ITSO; ITU; ITUC (NGOs); MIGA; MINURSO; MINUSTAH; NAM (observer); NATO; NSG; OAS (observer); OIF (observer); OPCW; OSCE; PCA; SELEC; UN; UNCTAD; UNDOF; UNESCO; UNFICYP; UNHCR; UNIDO; UNIFIL; UNMIL; UNMOGIP; UNWTO; UPU; WCO; WHO; WIPO; WMO; WTO; ZC"
"54","Cuba","ACP; ALBA; AOSIS; CELAC; FAO; G-77; IAEA; ICAO; ICC (national committees); ICRM; IFAD; IFRCS; IHO; ILO; IMO; IMSO; Interpol; IOC; IOM (observer); IPU; ISO; ITSO; ITU; LAES; LAIA; NAM; OAS (excluded from formal participation since 1962); OPANAL; OPCW; PCA; Petrocaribe; UN; UNCTAD; UNESCO; UNIDO; Union Latina; UNWTO; UPU; WCO; WFTU (NGOs); WHO; WIPO; WMO; WTO"
"55","Cyprus","Australia Group; C; CD; CE; EBRD; ECB; EIB; EMU; EU; FAO; IAEA; IBRD; ICAO; ICC (national committees); IDA; IFAD; IFC; IFRCS (observer); IHO; ILO; IMF; IMO; IMSO; Interpol; IOC; IOM; IPU; ISO; ITSO; ITU; ITUC (NGOs); MIGA; NAM; NSG; OAS (observer); OIF; OPCW; OSCE; PCA; UN; UNCTAD; UNESCO; UNHCR; UNIDO; UNIFIL; UNWTO; UPU; WCO; WFTU (NGOs); WHO; WIPO; WMO; WTO"
"56","Czech Republic","Australia Group; BIS; BSEC (observer); CD; CE; CEI; CERN; EAPC; EBRD; EIB; ESA; EU; FAO; IAEA; IBRD; ICAO; ICC (national committees); ICRM; IDA; IEA; IFC; IFRCS; ILO; IMF; IMO; IMSO; Interpol; IOC; IOM; IPU; ISO; ITSO; ITU; ITUC (NGOs); MIGA; MONUSCO; NATO; NEA; NSG; OAS (observer); OECD; OIF (observer); OPCW; OSCE; PCA; Schengen Convention; SELEC (observer); UN; UNCTAD; UNESCO; UNIDO; UNWTO; UPU; WCO; WFTU (NGOs); WHO; WIPO; WMO; WTO; ZC"
"57","Denmark","ADB (nonregional member); AfDB (nonregional member); Arctic Council; Australia Group; BIS; CBSS; CD; CE; CERN; EAPC; EBRD; EIB; EITI (implementing country); ESA; EU; FAO; FATF; G-9; IADB; IAEA; IBRD; ICAO; ICC (national committees); ICRM; IDA; IEA; IFAD; IFC; IFRCS; IGAD (partners); IHO; ILO; IMF; IMO; IMSO; Interpol; IOC; IOM; IPU; ISO; ITSO; ITU; ITUC (NGOs); MIGA; NATO; NC; NEA; NIB; NSG; OAS (observer); OECD; OPCW; OSCE; Paris Club; PCA; Schengen Convention; UN; UNCTAD; UNESCO; UNHCR; UNIDO; UNMIL; UNMISS; UNRWA; UNTSO; UPU; WCO; WHO; WIPO; WMO; WTO; ZC"
"58","Djibouti","ACP; AfDB; AFESD; AMF; AU; CAEU (candidates); COMESA; FAO; G-77; IBRD; ICAO; ICRM; IDA; IDB; IFAD; IFC; IFRCS; IGAD; ILO; IMF; IMO; Interpol; IOC; IOM; IPU; ITU; ITUC (NGOs); LAS; MIGA; MINURSO; NAM; OIC; OIF; OPCW; UN; UNCTAD; UNESCO; UNHCR; UNIDO; UNWTO; UPU; WCO; WFTU (NGOs); WHO; WIPO; WMO; WTO"
"59","Dominica","ACP; AOSIS; C; Caricom; CD; CDB; CELAC; Commonwealth of Nations; ECCU; FAO; G-77; IAEA; IBRD; ICRM; IDA; IFAD; IFC; IFRCS; ILO; IMF; IMO; Interpol; IOC; ISO (subscriber); ITU; ITUC (NGOs); MIGA; NAM; OAS; OECS; OIF; OPANAL; OPCW; Petrocaribe; UN; UNCTAD; UNESCO; UNIDO; UPU; WCL; WFTU; WHO; WIPO; WMO; WTO"
"60","Dominican Republic","ACP; AOSIS; BCIE; Caricom (observer); CD; CELAC; FAO; G-77; IADB; IAEA; IBRD; ICAO; ICC (national committees); ICRM; IDA; IFAD; IFC; IFRCS; IHO; ILO; IMF; IMO; Interpol; IOC; IOM; IPU; ISO (correspondent); ITSO; ITU; ITUC (NGOs); LAES; LAIA (observer); MIGA; NAM; OAS; OIF (observer); OPANAL; OPCW; PCA; Petrocaribe; SICA (associated member); UN; UNCTAD; UNESCO; UNIDO; Union Latina; UNWTO; UPU; WCO; WFTU (NGOs); WHO; WIPO; WMO; WTO"
"61","Ecuador","CAN; CD; CELAC; FAO; G-11; G-77; IADB; IAEA; IBRD; ICAO; ICC (national committees); ICRM; IDA; IFAD; IFC; IFRCS; IHO; ILO; IMF; IMO; Interpol; IOC; IOM; IPU; ISO; ITSO; ITU; ITUC (NGOs); LAES; LAIA; Mercosur (associate); MIGA; MINUSTAH; NAM; OAS; OPANAL; OPCW; OPEC; PCA; UN; UNAMID; UNASUR; UNCTAD; UNESCO; UNHCR; UNIDO; Union Latina; UNMIL; UNMISS; UNOCI; UNWTO; UPU; WCO; WFTU (NGOs); WHO; WIPO; WMO; WTO"
"62","Egypt","ABEDA; AfDB; AFESD; AMF; AU; BSEC (observer); CAEU; CD; CICA; COMESA; D-8; EBRD; FAO; G-15; G-24; G-77; IAEA; IBRD; ICAO; ICC (national committees); ICRM; IDA; IDB; IFAD; IFC; IFRCS; IHO; ILO; IMF; IMO; IMSO; Interpol; IOC; IOM; IPU; ISO; ITSO; ITU; LAS; MIGA; MINURSO; MONUSCO; NAM; OAPEC; OAS (observer); OIC; OIF; OSCE (partner); PCA; UN; UNAMID; UNCTAD; UNESCO; UNHCR; UNIDO; UNISFA; UNMIL; UNMISS; UNOCI; UNRWA; UNWTO; UPU; WCO; WFTU (NGOs); WHO; WIPO; WMO; WTO"
"63","El Salvador","BCIE; CACM; CD; CELAC; FAO; G-11; G-77; IADB; IAEA; IBRD; ICAO; ICC (national committees); ICRM; IDA; IFAD; IFC; IFRCS; ILO; IMF; IMO; Interpol; IOC; IOM; IPU; ISO (correspondent); ITSO; ITU; ITUC (NGOs); LAES; LAIA (observer); MIGA; MINURSO; NAM (observer); OAS; OPANAL; OPCW; PCA; SICA; UN; UNCTAD; UNESCO; UNIDO; UNIFIL; Union Latina; UNMIL; UNMISS; UNOCI; UNWTO; UPU; WCO; WFTU (NGOs); WHO; WIPO; WMO; WTO"
"64","Equatorial Guinea","ACP; AfDB; AU; BDEAC; CEMAC; CPLP (associate); FAO; FZ; G-77; IBRD; ICAO; ICRM; IDA; IFAD; IFC; IFRCS; ILO; IMF; IMO; Interpol; IOC; IPU; ITSO; ITU; MIGA; NAM; OAS (observer); OIF; OPCW; UN; UNCTAD; UNESCO; UNIDO; UNWTO; UPU; WHO; WIPO; WTO (observer)"
"65","Eritrea","ACP; AfDB; AU; COMESA; FAO; G-77; IAEA; IBRD; ICAO; ICC (NGOs); IDA; IFAD; IFC; IFRCS (observer); ILO; IMF; IMO; Interpol; IOC; ISO (subscriber); ITU; ITUC (NGOs); LAS (observer); MIGA; NAM; OPCW; PCA; UN; UNCTAD; UNESCO; UNIDO; UNWTO; UPU; WCO; WFTU (NGOs); WHO; WIPO; WMO"
"66","Estonia","Australia Group; BA; BIS; CBSS; CD; CE; EAPC; EBRD; ECB; EIB; EMU; ESA (cooperating state); EU; FAO; IAEA; IBRD; ICAO; ICC (national committees); ICRM; IDA; IFC; IFRCS; IHO; ILO; IMF; IMO; Interpol; IOC; IOM; IPU; ISO; ITSO; ITU; ITUC (NGOs); MIGA; NATO; NIB; NSG; OAS (observer); OECD; OIF (observer); OPCW; OSCE; PCA; Schengen Convention; UN; UNCTAD; UNESCO; UNHCR; UNTSO; UPU; WCO; WHO; WIPO; WMO; WTO"
"67","Ethiopia","ACP; AfDB; AU; COMESA; FAO; G-24; G-77; IAEA; IBRD; ICAO; ICRM; IDA; IFAD; IFC; IFRCS; IGAD; ILO; IMF; IMO; Interpol; IOC; IOM; IPU; ISO; ITSO; ITU; ITUC (NGOs); MIGA; NAM; OPCW; PCA; UN; UNAMID; UNCTAD; UNESCO; UNHCR; UNIDO; UNISFA; UNMIL; UNOCI; UNWTO; UPU; WCO; WFTU (NGOs); WHO; WIPO; WMO; WTO (observer)"
"68","European Union","ARF (dialogue member); ASEAN (dialogue member); Australian Group; BIS; BSEC (observer); CBSS; CERN; EBRD; FAO; FATF; G-8; G-10; G-20; IDA; IEA; IGAD (partners); LAIA (observer); NSG (observer); OAS (observer); OECD; PIF (partner); SAARC (observer); UN (observer); UNRWA (observer); WCO; WTO; ZC (observer)"
"69","Falkland Islands (Islas Malvinas)","UPU"
"70","Faroe Islands","Arctic Council; IMO (associate); NC; NIB; UNESCO (associate); UPU"
"71","Fiji","ACP; ADB; AOSIS; C (suspended); CP; FAO; G-77; IAEA; IBRD; ICAO; ICRM; IDA; IFAD; IFC; IFRCS; IHO; ILO; IMF; IMO; Interpol; IOC; ISO; ITSO; ITU; ITUC (NGOs); MIGA; NAM; OPCW; PCA; PIF; Sparteca (suspended); SPC; UN; UNCTAD; UNESCO; UNIDO; UNMISS; UNMIT; UNWTO; UPU; WCO; WFTU (NGOs); WHO; WIPO; WMO; WTO"
"72","Finland","ADB (nonregional member); AfDB (nonregional member); Arctic Council; Australia Group; BIS; CBSS; CD; CE; CERN; EAPC; EBRD; ECB; EIB; EITI (implementing country); EMU; ESA; EU; FAO; FATF; G-9; IADB; IAEA; IBRD; ICAO; ICC (national committees); ICRM; IDA; IEA; IFAD; IFC; IFRCS; IHO; ILO; IMF; IMO; IMSO; Interpol; IOC; IOM; IPU; ISO; ITSO; ITU; ITUC (NGOs); MIGA; NC; NEA; NIB; NSG; OAS (observer); OECD; OPCW; OSCE; Paris Club; PCA; PFP; Schengen Convention; UN; UNCTAD; UNESCO; UNHCR; UNIDO; UNIFIL; UNMIL; UNMOGIP; UNRWA; UNTSO; UPU; WCO; WFTU (NGOs); WHO; WIPO; WMO; WTO; ZC"
"73","France","ADB (nonregional member); AfDB (nonregional member); Arctic Council (observer); Australia Group; BDEAC; BIS; BSEC (observer); CBSS (observer); CE; CERN; EAPC; EBRD; ECB; EIB; EITI (implementing country); EMU; ESA; EU; FAO; FATF; FZ; G-20; G-5; G-7; G-8; G-10; IADB; IAEA; IBRD; ICAO; ICC (national committees); ICRM; IDA; IEA; IFAD; IFC; IFRCS; IGAD (partners); IHO; ILO; IMF; IMO; IMSO; InOC; Interpol; IOC; IOM; IPU; ISO; ITSO; ITU; ITUC (NGOs); MIGA; MINURSO; MINUSTAH; MONUSCO; NATO; NEA; NSG; OAS (observer); OECD; OIF; OPCW; OSCE; Paris Club; PCA; PIF (partner); Schengen Convention; SELEC (observer); SPC; UN; UN Security Council; UNCTAD; UNESCO; UNHCR; UNIDO; UNIFIL; Union Latina; UNMIL; UNOCI; UNRWA; UNSC (permanent); UNTSO; UNWTO; UPU; WCO; WFTU (NGOs); WHO; WIPO; WMO; WTO; ZC"
"74","French Polynesia","ITUC (NGOs); PIF (associate member); SPC; UPU"
"75","French Southern and Antarctic Lands","UPU"
"76","Gabon","ACP; AfDB; AU; BDEAC; CEMAC; EITI (candidate country); FAO; FZ; G-24; G-77; IAEA; IBRD; ICAO; ICRM; IDA; IDB; IFAD; IFC; IFRCS; ILO; IMF; IMO; IMSO; Interpol; IOC; IOM; IPU; ISO; ITSO; ITU; ITUC (NGOs); MIGA; NAM; OIC; OIF; OPCW; UN; UNCTAD; UNESCO; UNIDO; UNWTO; UPU; WCO; WHO; WIPO; WMO; WTO"
"77","Gambia, The","ACP; AfDB; AU; C; ECOWAS; FAO; G-77; IBRD; ICAO; ICRM; IDA; IDB; IFAD; IFC; IFRCS; ILO; IMF; IMO; Interpol; IOC; IOM; IPU; ISO (correspondent); ITSO; ITU; ITUC (NGOs); MIGA; NAM; OIC; OPCW; UN; UNAMID; UNCTAD; UNESCO; UNIDO; UNMIL; UNOCI; UNWTO; UPU; WCO; WFTU (NGOs); WHO; WIPO; WMO; WTO"
"78","Georgia","ADB; BSEC; CD; CE; EAPC; EBRD; FAO; G-11; GCTU; GUAM; IAEA; IBRD; ICAO; ICC (national committees); ICRM; IDA; IFAD; IFC; IFRCS; ILO; IMF; IMO; Interpol; IOC; IOM; IPU; ISO (correspondent); ITSO; ITU; ITUC (NGOs); MIGA; OAS (observer); OIF (observer); OPCW; OSCE; PFP; SELEC (observer); UN; UNCTAD; UNESCO; UNIDO; UNWTO; UPU; WCO; WHO; WIPO; WMO; WTO"
"79","Germany","ADB (nonregional member); AfDB (nonregional member); Arctic Council (observer); Australia Group; BIS; BSEC (observer); CBSS; CD; CDB; CE; CERN; EAPC; EBRD; ECB; EIB; EITI (implementing country); EMU; ESA; EU; FAO; FATF; G-20; G-5; G-7; G-8; G-10; IADB; IAEA; IBRD; ICAO; ICC (national committees); ICRM; IDA; IEA; IFAD; IFC; IFRCS; IGAD (partners); IHO; ILO; IMF; IMO; IMSO; Interpol; IOC; IOM; IPU; ISO; ITSO; ITU; ITUC (NGOs); MIGA; NATO; NEA; NSG; OAS (observer); OECD; OPCW; OSCE; Paris Club; PCA; Schengen Convention; SELEC (observer); SICA (observer); UN; UNAMID; UNCTAD; UNESCO; UNHCR; UNIDO; UNIFIL; UNMIL; UNMISS; UNRWA; UNWTO; UPU; WCO; WHO; WIPO; WMO; WTO; ZC"
"80","Ghana","ACP; AfDB; AU; C; ECOWAS; EITI (compliant country); FAO; G-24; G-77; IAEA; IBRD; ICAO; ICC (national committees); ICRM; IDA; IFAD; IFC; IFRCS; ILO; IMF; IMO; IMSO; Interpol; IOC; IOM; IPU; ISO; ITSO; ITU; ITUC (NGOs); MIGA; MINURSO; MONUSCO; NAM; OAS (observer); OIF; OPCW; UN; UNAMID; UNCTAD; UNESCO; UNHCR; UNIDO; UNIFIL; UNISFA; UNMIL; UNMISS; UNOCI; UNWTO; UPU; WCO; WFTU (NGOs); WHO; WIPO; WMO; WTO"
"81","Gibraltar","ICC (NGOs); Interpol (subbureau); UPU"
"82","Greece","Australia Group; BIS; BSEC; CD; CE; CERN; EAPC; EBRD; ECB; EIB; EMU; ESA; EU; FAO; FATF; IAEA; IBRD; ICAO; ICC (national committees); ICRM; IDA; IEA; IFAD; IFC; IFRCS; IGAD (partners); IHO; ILO; IMF; IMO; IMSO; Interpol; IOC; IOM; IPU; ISO; ITSO; ITU; ITUC (NGOs); MIGA; NATO; NEA; NSG; OAS (observer); OECD; OIF; OPCW; OSCE; PCA; Schengen Convention; SELEC; UN; UNCTAD; UNESCO; UNHCR; UNIDO; UNIFIL; UNMISS; UNWTO; UPU; WCO; WFTU (NGOs); WHO; WIPO; WMO; WTO; ZC"
"83","Greenland","Arctic Council; NC; NIB; UPU"
"84","Grenada","ACP; AOSIS; C; Caricom; CDB; CELAC; FAO; G-77; IBRD; ICAO; ICRM; IDA; IFAD; IFC; IFRCS; ILO; IMF; IMO; Interpol; IOC; ITU; ITUC; LAES; MIGA; NAM; OAS; OECS; OPANAL; OPCW; Petrocaribe; UN; UNCTAD; UNESCO; UNIDO; UPU; WHO; WIPO; WTO"
"85","Guam","IOC; PIF (observer); SPC; UPU"
"86","Guatemala","BCIE; CACM; CD; CELAC; EITI (candidate country); FAO; G-24; G-77; IADB; IAEA; IBRD; ICAO; ICC (national committees); ICRM; IDA; IFAD; IFC; IFRCS; IHO; ILO; IMF; IMO; Interpol; IOC; IOM; IPU; ISO (correspondent); ITSO; ITU; ITUC (NGOs); LAES; LAIA (observer); MIGA; MINUSTAH; MONUSCO; NAM; OAS; OPANAL; OPCW; PCA; Petrocaribe; SICA; UN; UNAMID; UNCTAD; UNESCO; UNIDO; UNIFIL; Union Latina; UNISFA; UNITAR; UNMISS; UNOCI; UNSC (temporary); UNWTO; UPU; WCO; WFTU (NGOs); WHO; WIPO; WMO; WTO"
"87","Guernsey","UPU"
"88","Guinea","ACP; AfDB; AU; ECOWAS; EITI (candidate country); FAO; G-77; IBRD; ICAO; ICRM; IDA; IDB; IFAD; IFC; IFRCS; ILO; IMF; IMO; Interpol; IOC; IOM; ISO (correspondent); ITSO; ITU; ITUC (NGOs); MIGA; MINURSO; NAM; OIC; OIF; OPCW; UN; UNCTAD; UNESCO; UNHCR; UNIDO; UNISFA; UNMISS; UNOCI; UNWTO; UPU; WCO; WFTU (NGOs); WHO; WIPO; WMO; WTO"
"89","Guinea-Bissau","ACP; AfDB; AOSIS; AU (suspended); CPLP; ECOWAS; FAO; FZ; G-77; IBRD; ICAO; ICRM; IDA; IDB; IFAD; IFC; IFRCS; ILO; IMF; IMO; Interpol; IOC; IOM; IPU; ITSO; ITU; ITUC (NGOs); MIGA; NAM; OIC; OIF; OPCW; UN; UNCTAD; UNESCO; UNIDO; Union Latina; UNWTO; UPU; WADB (regional); WAEMU; WCO; WFTU (NGOs); WHO; WIPO; WMO; WTO"
"90","Guyana","ACP; AOSIS; C; Caricom; CD; CDB; CELAC; FAO; G-77; IADB; IBRD; ICAO; ICRM; IDA; IFAD; IFC; IFRCS; ILO; IMF; IMO; Interpol; IOC; IOM; ISO (correspondent); ITU; LAES; MIGA; NAM; OAS; OIC; OPANAL; OPCW; PCA; Petrocaribe; UN; UNASUR; UNCTAD; UNESCO; UNIDO; UPU; WCO; WFTU (NGOs); WHO; WIPO; WMO; WTO"
"91","Haiti","ACP; AOSIS; Caricom; CD; CDB; CELAC; FAO; G-77; IADB; IAEA; IBRD; ICAO; ICRM; IDA; IFAD; IFC; IFRCS; ILO; IMF; IMO; Interpol; IOC; IOM; IPU; ITSO; ITU; ITUC (NGOs); LAES; MIGA; NAM; OAS; OIF; OPANAL; OPCW; PCA; Petrocaribe; UN; UNCTAD; UNESCO; UNIDO; Union Latina; UNWTO; UPU; WCO; WFTU (NGOs); WHO; WIPO; WMO; WTO"
"92","Holy See (Vatican City)","CE (observer); IAEA; Interpol; IOM; ITSO; ITU; ITUC (NGOs); OAS (observer); OPCW; OSCE; Schengen Convention (de facto member); UN (observer); UNCTAD; UNHCR; Union Latina (observer); UNWTO (observer); UPU; WIPO; WTO (observer)"
"93","Honduras","BCIE; CACM; CD; CELAC; FAO; G-11; G-77; IADB; IAEA; IBRD; ICAO; ICRM; IDA; IFAD; IFC; IFRCS; ILO; IMF; IMO; Interpol; IOC (suspended); IOM; IPU; ISO (subscriber); ITSO; ITU; ITUC (NGOs); LAES; LAIA (observer); MIGA; MINURSO; NAM; OAS (suspended); OPANAL; OPCW; PCA; Petrocaribe; SICA; UN; UNCTAD; UNESCO; UNIDO; Union Latina; UNWTO; UPU; WCO (suspended); WFTU (NGOs); WHO; WIPO; WMO; WTO"
"94","Hong Kong","ADB; APEC; BIS; FATF; ICC (national committees); IHO; IMF; IMO (associate); Interpol (subbureau); IOC; ISO (correspondent); ITUC (NGOs); UNWTO (associate); UPU; WCO; WTO"
"95","Hungary","Australia Group; BIS; CD; CE; CEI; CERN; EAPC; EBRD; EIB; ESA (cooperating state); EU; FAO; G-9; IAEA; IBRD; ICAO; ICC (national committees); ICRM; IDA; IEA; IFAD; IFC; IFRCS; ILO; IMF; IMO; IMSO; Interpol; IOC; IOM; IPU; ISO; ITSO; ITU; ITUC (NGOs); MIGA; MINURSO; NATO; NEA; NSG; OAS (observer); OECD; OIF (observer); OPCW; OSCE; PCA; Schengen Convention; SELEC; UN; UNCTAD; UNESCO; UNFICYP; UNHCR; UNIDO; UNIFIL; UNWTO; UPU; WCO; WFTU (NGOs); WHO; WIPO; WMO; WTO; ZC"
"96","Iceland","Arctic Council; Australia Group; BIS; CBSS; CD; CE; EAPC; EBRD; EFTA; EU (candidate country); FAO; FATF; IAEA; IBRD; ICAO; ICC (national committees); ICRM; IDA; IFAD; IFC; IFRCS; IHO; ILO; IMF; IMO; IMSO; Interpol; IOC; IPU; ISO; ITSO; ITU; ITUC (NGOs); MIGA; NATO; NC; NEA; NIB; NSG; OAS (observer); OECD; OPCW; OSCE; PCA; Schengen Convention; UN; UNCTAD; UNESCO; UPU; WCO; WHO; WIPO; WMO; WTO"
"97","India","ABEDA; ADB; AfDB (nonregional member); ARF; ASEAN (dialogue partner); BIMSTEC; BIS; BRICS; C; CD; CERN (observer); CICA; CP; EAS; FAO; FATF; G-15; G-20; G-24; G-77; IAEA; IBRD; ICAO; ICC (national committees); ICRM; IDA; IFAD; IFC; IFRCS; IHO; ILO; IMF; IMO; IMSO; Interpol; IOC; IOM; IPU; ISO; ITSO; ITU; ITUC (NGOs); LAS (observer); MIGA; MONUSCO; NAM; OAS (observer); OECD; OPCW; PCA; PIF (partner); SAARC; SACEP; SCO (observer); UN; UNCTAD; UNDOF; UNESCO; UNHCR; UNIDO; UNIFIL; UNISFA; UNITAR; UNMISS; UNOCI; UNSC (temporary); UNWTO; UPU; WCO; WFTU (NGOs); WHO; WIPO; WMO; WTO"
"98","Indonesia","ADB; APEC; ARF; ASEAN; BIS; CD; CICA (observer); CP; D-8; EAS; EITI (candidate country); FAO; G-11; G-15; G-20; G-77; IAEA; IBRD; ICAO; ICC (national committees); ICRM; IDA; IDB; IFAD; IFC; IFRCS; IHO; ILO; IMF; IMO; IMSO; Interpol; IOC; IOM (observer); IPU; ISO; ITSO; ITU; ITUC (NGOs); MIGA; MONUSCO; NAM; OECD (Enhanced Engagement; OIC; OPCW; PIF (partner); UN; UNAMID; UNCTAD; UNESCO; UNIDO; UNIFIL; UNISFA; UNMIL; UNMISS; UNWTO; UPU; WCO; WFTU (NGOs); WHO; WIPO; WMO; WTO"
"99","Iran","CICA; CP; D-8; ECO; FAO; G-15; G-24; G-77; IAEA; IBRD; ICAO; ICC (national committees); ICRM; IDA; IDB; IFAD; IFC; IFRCS; IHO; ILO; IMF; IMO; IMSO; Interpol; IOC; IOM; IPU; ISO; ITSO; ITU; MIGA; NAM; OIC; OPCW; OPEC; PCA; SAARC (observer); SCO (observer); UN; UNAMID; UNCTAD; UNESCO; UNHCR; UNIDO; UNITAR; UNWTO; UPU; WCO; WFTU (NGOs); WHO; WIPO; WMO; WTO (observer)"
"100","Iraq","ABEDA; AFESD; AMF; CAEU; CICA; EITI (candidate country); FAO; G-77; IAEA; IBRD; ICAO; ICRM; IDA; IDB; IFAD; IFC; IFRCS; ILO; IMF; IMO; IMSO; Interpol; IOC; IPU; ISO; ITSO; ITU; LAS; MIGA; NAM; OAPEC; OIC; OPCW; OPEC; PCA; UN; UNCTAD; UNESCO; UNIDO; UNWTO; UPU; WCO; WFTU (NGOs); WHO; WIPO; WMO; WTO (observer)"
"101","Ireland","ADB (nonregional member); Australia Group; BIS; CD; CE; EAPC; EBRD; ECB; EIB; EMU; ESA; EU; FAO; FATF; IAEA; IBRD; ICAO; ICC (national committees); ICRM; IDA; IEA; IFAD; IFC; IFRCS; IGAD (partners); IHO; ILO; IMF; IMO; Interpol; IOC; IOM; IPU; ISO; ITSO; ITU; ITUC (NGOs); MIGA; MINURSO; MONUSCO; NEA; NSG; OAS (observer); OECD; OPCW; OSCE; Paris Club; PCA; PFP; UN; UNCTAD; UNESCO; UNHCR; UNIDO; UNIFIL; UNITAR; UNOCI; UNRWA; UNTSO; UPU; WCO; WHO; WIPO; WMO; WTO; ZC"
"102","Isle of Man","UPU"
"103","Israel","BIS; BSEC (observer); CE (observer); CICA; EBRD; FAO; IADB; IAEA; IBRD; ICAO; ICC (national committees); ICRM; IDA; IFAD; IFC; IFRCS; ILO; IMF; IMO; IMSO; Interpol; IOC; IOM; IPU; ISO; ITSO; ITU; ITUC (NGOs); MIGA; OAS (observer); OECD; OPCW (signatory); OSCE (partner); Paris Club (associate); PCA; SELEC (observer); UN; UNCTAD; UNESCO; UNHCR; UNIDO; UNWTO; UPU; WCO; WHO; WIPO; WMO; WTO"
"104","Italy","ADB (nonregional member); AfDB (nonregional member); Australia Group; BIS; BSEC (observer); CBSS (observer); CD; CDB; CE; CEI; CERN; EAPC; EBRD; ECB; EIB; EITI (implementing country); EMU; ESA; EU; FAO; FATF; G-20; G-7; G-8; G-10; IADB; IAEA; IBRD; ICAO; ICC (national committees); ICRM; IDA; IEA; IFAD; IFC; IFRCS; IGAD (partners); IHO; ILO; IMF; IMO; IMSO; Interpol; IOC; IOM; IPU; ISO; ITSO; ITU; ITUC (NGOs); LAIA (observer); MIGA; MINURSO; NATO; NEA; NSG; OAS (observer); OECD; OPCW; OSCE; Paris Club; PCA; PIF (partner); Schengen Convention; SELEC (observer); SICA (observer); UN; UNAMID; UNCTAD; UNESCO; UNHCR; UNIDO; UNIFIL; Union Latina; UNMISS; UNMOGIP; UNRWA; UNTSO; UNWTO; UPU; WCO; WHO; WIPO; WMO; WTO; ZC"
"105","Jamaica","ACP; AOSIS; C; Caricom; CDB; CELAC; FAO; G-15; G-77; IADB; IAEA; IBRD; ICAO; ICRM; IDA; IFAD; IFC; IFRCS; IHO; ILO; IMF; IMO; Interpol; IOC; IOM; ISO; ITSO; ITU; LAES; MIGA; NAM; OAS; OPANAL; OPCW; Petrocaribe; UN; UNCTAD; UNESCO; UNIDO; UNITAR; UNWTO; UPU; WCO; WFTU (NGOs); WHO; WIPO; WMO; WTO"
"106","Japan","ADB; AfDB (nonregional member); APEC; ARF; ASEAN (dialogue partner); Australia Group; BIS; CD; CE (observer); CERN (observer); CICA (observer); CP; EAS; EBRD; EITI (implementing country); FAO; FATF; G-20; G-5; G-7; G-8; G-10; IADB; IAEA; IBRD; ICAO; ICC (national committees); ICRM; IDA; IEA; IFAD; IFC; IFRCS; IGAD (partners); IHO; ILO; IMF; IMO; IMSO; Interpol; IOC; IOM; IPU; ISO; ITSO; ITU; ITUC (NGOs); LAIA (observer); MIGA; NEA; NSG; OAS (observer); OECD; OPCW; OSCE (partner); Paris Club; PCA; PIF (partner); SAARC (observer); SELEC (observer); SICA (observer); UN; UNCTAD; UNDOF; UNESCO; UNHCR; UNIDO; UNMISS; UNRWA; UNWTO; UPU; WCO; WFTU (NGOs); WHO; WIPO; WMO; WTO; ZC"
"107","Jordan","ABEDA; AFESD; AMF; CAEU; CD; CICA; EBRD; FAO; G-11; G-77; IAEA; IBRD; ICAO; ICC (national committees); ICRM; IDA; IDB; IFAD; IFC; IFRCS; ILO; IMF; IMO; Interpol; IOC; IOM; IPU; ISO; ITSO; ITU; ITUC (NGOs); LAS; MIGA; MINUSTAH; MONUSCO; NAM; OIC; OPCW; OSCE (partner); PCA; UN; UNAMID; UNCTAD; UNESCO; UNHCR; UNIDO; UNISFA; UNMIL; UNMISS; UNOCI; UNRWA; UNWTO; UPU; WCO; WFTU (NGOs); WHO; WIPO; WMO; WTO"
"108","Kazakhstan","ADB; CICA; CIS; CSTO; EAEC; EAPC; EBRD; ECO; EITI (candidate country); FAO; GCTU; IAEA; IBRD; ICAO; ICC (NGOs); ICRM; IDA; IDB; IFAD; IFC; IFRCS; ILO; IMF; IMO; Interpol; IOC; IOM; IPU; ISO; ITSO; ITU; MIGA; NAM (observer); NSG; OAS (observer); OIC; OPCW; OSCE; PFP; SCO; UN; UNCTAD; UNESCO; UNIDO; UNWTO; UPU; WCO; WFTU (NGOs); WHO; WIPO; WMO; WTO (observer); ZC"
"109","Kenya","ACP; AfDB; AU; C; CD; COMESA; EAC; EADB; FAO; G-15; G-77; IAEA; IBRD; ICAO; ICC (national committees); ICRM; IDA; IFAD; IFC; IFRCS; IGAD; ILO; IMF; IMO; IMSO; Interpol; IOC; IOM; IPU; ISO; ITSO; ITU; ITUC (NGOs); MIGA; MONUSCO; NAM; OPCW; PCA; UN; UNAMID; UNCTAD; UNESCO; UNHCR; UNIDO; UNIFIL; UNMISS; UNWTO; UPU; WCO; WHO; WIPO; WMO; WTO"
"110","Kiribati","ACP; ADB; AOSIS; C; FAO; IBRD; ICAO; ICRM; IDA; IFAD; IFC; IFRCS; ILO; IMF; IMO; IOC; ITU; ITUC (NGOs); OPCW; PIF; Sparteca; SPC; UN; UNCTAD; UNESCO; UPU; WHO; WMO"
"111","Korea, North","ARF; FAO; G-77; ICAO; ICC (NGOs); ICRM; IFAD; IFRCS; IHO; IMO; IOC; IPU; ISO; ITSO; ITU; NAM; UN; UNCTAD; UNESCO; UNIDO; UNWTO; UPU; WFTU (NGOs); WHO; WIPO; WMO"
"112","Korea, South","ADB; AfDB (nonregional member); APEC; ARF; ASEAN (dialogue partner); Australia Group; BIS; CD; CICA; CP; EAS; EBRD; FAO; FATF; G-20; IADB; IAEA; IBRD; ICAO; ICC (national committees); ICRM; IDA; IEA; IFAD; IFC; IFRCS; IHO; ILO; IMF; IMO; IMSO; Interpol; IOC; IOM; IPU; ISO; ITSO; ITU; ITUC (NGOs); LAIA (observer); MIGA; MINURSO; NEA; NSG; OAS (observer); OECD; OPCW; OSCE (partner); Paris Club (associate); PCA; PIF (partner); SAARC (observer); SICA (observer); UN; UN Security Council (temporary); UNAMID; UNCTAD; UNESCO; UNHCR; UNIDO; UNIFIL; UNISFA; UNMIL; UNMISS; UNMOGIP; UNOCI; UNWTO; UPU; WCO; WHO; WIPO; WMO; WTO; ZC"
"113","Kosovo","IBRD; IDA; IFC; IMF; ITUC (NGOs); MIGA"
"114","Kuwait","ABEDA; AfDB (nonregional member); AFESD; AMF; BDEAC; CAEU; CD; FAO; G-77; GCC; IAEA; IBRD; ICAO; ICC (national committees); ICRM; IDA; IDB; IFAD; IFC; IFRCS; IHO; ILO; IMF; IMO; IMSO; Interpol; IOC; IPU; ISO; ITSO; ITU; ITUC (NGOs); LAS; MIGA; NAM; OAPEC; OIC; OPCW; OPEC; Paris Club (associate); PCA; UN; UNCTAD; UNESCO; UNIDO; UNRWA; UNWTO; UPU; WCO; WFTU (NGOs); WHO; WIPO; WMO; WTO"
"115","Kyrgyzstan","ADB; CICA; CIS; CSTO; EAEC; EAPC; EBRD; ECO; EITI (compliant country); FAO; GCTU; IAEA; IBRD; ICAO; ICC (NGOs); ICRM; IDA; IDB; IFAD; IFC; IFRCS; ILO; IMF; Interpol; IOC; IOM; IPU; ISO (correspondent); ITSO; ITU; MIGA; NAM (observer); OIC; OPCW; OSCE; PCA; PFP; SCO; UN; UNCTAD; UNESCO; UNIDO; UNISFA; UNMIL; UNMISS; UNWTO; UPU; WCO; WFTU (NGOs); WHO; WIPO; WMO; WTO"
"116","Laos","ADB; ARF; ASEAN; CP; EAS; FAO; G-77; IAEA; IBRD; ICAO; ICRM; IDA; IFAD; IFC; IFRCS; ILO; IMF; Interpol; IOC; IPU; ISO (subscriber); ITU; MIGA; NAM; OIF; OPCW; PCA; UN; UNCTAD; UNESCO; UNIDO; UNWTO; UPU; WCO; WFTU (NGOs); WHO; WIPO; WMO; WTO"
"117","Latvia","Australia Group; BA; BIS; CBSS; CD; CE; EAPC; EBRD; EIB; EU; FAO; IAEA; IBRD; ICAO; ICC (NGOs); ICRM; IDA; IFC; IFRCS; IHO; ILO; IMF; IMO; IMSO; Interpol; IOC; IOM; IPU; ISO (correspondent); ITU; ITUC (NGOs); MIGA; NATO; NIB; NSG; OAS (observer); OIF (observer); OPCW; OSCE; PCA; Schengen Convention; UN; UNCTAD; UNESCO; UNWTO; UPU; WCO; WHO; WIPO; WMO; WTO"
"118","Lebanon","ABEDA; AFESD; AMF; CAEU; FAO; G-24; G-77; IAEA; IBRD; ICAO; ICC (national committees); ICRM; IDA; IDB; IFAD; IFC; IFRCS; ILO; IMF; IMO; IMSO; Interpol; IOC; IPU; ISO; ITSO; ITU; LAS; MIGA; NAM; OAS (observer); OIC; OIF; OPCW; PCA; UN; UNCTAD; UNESCO; UNHCR; UNIDO; UNRWA; UNWTO; UPU; WCO; WFTU (NGOs); WHO; WIPO; WMO; WTO (observer)"
"119","Lesotho","ACP; AfDB; AU; C; CD; FAO; G-77; IAEA; IBRD; ICAO; ICRM; IDA; IFAD; IFC; IFRCS; ILO; IMF; Interpol; IOC; IOM; IPU; ISO (correspondent); ITU; MIGA; NAM; OPCW; SACU; SADC; UN; UNAMID; UNCTAD; UNESCO; UNHCR; UNIDO; UNWTO; UPU; WCO; WFTU (NGOs); WHO; WIPO; WMO; WTO"
"120","Liberia","ACP; AfDB; AU; ECOWAS; EITI (compliant country); FAO; G-77; IAEA; IBRD; ICAO; ICC (NGOs); ICRM; IDA; IFAD; IFC; IFRCS; ILO; IMF; IMO; IMSO; Interpol; IOC; IOM; ISO (correspondent); ITU; ITUC (NGOs); MIGA; NAM; OPCW; UN; UNCTAD; UNESCO; UNIDO; UNWTO; UPU; WCO; WFTU (NGOs); WHO; WIPO; WMO; WTO (observer)"
"121","Libya","ABEDA; AfDB; AFESD; AMF; AMU; AU; BDEAC; CAEU; COMESA; FAO; G-77; IAEA; IBRD; ICAO; ICC (NGOs); ICRM; IDA; IDB; IFAD; IFC; IFRCS; ILO; IMF; IMO; IMSO; Interpol; IOC; IOM; IPU; ISO; ITSO; ITU; LAS; MIGA; NAM; OAPEC; OIC; OPCW; OPEC; PCA; UN; UNCTAD; UNESCO; UNIDO; UNWTO; UPU; WCO; WFTU (NGOs); WHO; WIPO; WMO; WTO (observer)"
"122","Liechtenstein","CD; CE; EBRD; EFTA; IAEA; ICRM; IFRCS; Interpol; IOC; IPU; ITSO; ITU; ITUC (NGOs); OPCW; OSCE; PCA; Schengen Convention; UN; UNCTAD; UPU; WIPO; WTO"
"123","Lithuania","Australia Group; BA; BIS; CBSS; CD; CE; EAPC; EBRD; EIB; EU; FAO; IAEA; IBRD; ICAO; ICC (national committees); ICRM; IDA; IFC; IFRCS; ILO; IMF; IMO; Interpol; IOC; IOM; IPU; ISO; ITU; ITUC (NGOs); MIGA; NATO; NIB; NSG; OAS (observer); OIF (observer); OPCW; OSCE; PCA; Schengen Convention; UN; UNCTAD; UNESCO; UNIDO; UNWTO; UPU; WCO; WHO; WIPO; WMO; WTO"
"124","Luxembourg","ADB (nonregional member); Australia Group; Benelux; BIS; CD; CE; EAPC; EBRD; ECB; EIB; EMU; ESA; EU; FAO; FATF; IAEA; IBRD; ICAO; ICC (national committees); ICRM; IDA; IEA; IFAD; IFC; IFRCS; ILO; IMF; IMO; Interpol; IOC; IOM; IPU; ISO; ITSO; ITU; ITUC (NGOs); MIGA; NATO; NEA; NSG; OAS (observer); OECD; OIF; OPCW; OSCE; PCA; Schengen Convention; UN; UN Security Council (temporary); UNCTAD; UNESCO; UNHCR; UNIDO; UNIFIL; UNRWA; UPU; WCO; WHO; WIPO; WMO; WTO; ZC"
"125","Macau","ICC (national committees); IHO; IMF; IMO (associate); Interpol (subbureau); ISO (correspondent); UNESCO (associate); UNWTO (associate); UPU; WCO; WTO"
"126","Macedonia","BIS; CD; CE; CEI; EAPC; EBRD; EU (candidate country); FAO; IAEA; IBRD; ICAO; ICC (NGOs); ICRM; IDA; IFAD; IFC; IFRCS; ILO; IMF; IMO; Interpol; IOC; IOM (observer); IPU; ISO; ITU; ITUC (NGOs); MIGA; OAS (observer); OIF; OPCW; OSCE; PCA; PFP; SELEC; UN; UNCTAD; UNESCO; UNHCR; UNIDO; UNIFIL; UNWTO; UPU; WCO; WHO; WIPO; WMO; WTO"
"127","Madagascar","ACP; AfDB; AU (suspended); CD; COMESA; EITI (candidate country); FAO; G-77; IAEA; IBRD; ICAO; ICC (national committees); ICRM; IDA; IFAD; IFC; IFRCS; ILO; IMF; IMO; InOC; Interpol; IOC; IOM; ISO (correspondent); ITSO; ITU; ITUC (NGOs); MIGA; NAM; OIF (suspended); OPCW; PCA; SADC (suspended); UN; UNCTAD; UNESCO; UNHCR; UNIDO; UNWTO; UPU; WCO; WFTU (NGOs); WHO; WIPO; WMO; WTO"
"128","Malawi","ACP; AfDB; AU; C; CD; COMESA; FAO; G-77; IAEA; IBRD; ICAO; ICRM; IDA; IFAD; IFC; IFRCS; ILO; IMF; IMO; Interpol; IOC; IPU; ISO (correspondent); ITSO; ITU; ITUC (NGOs); MIGA; MINURSO; MONUSCO; NAM; OPCW; SADC; UN; UNAMID; UNCTAD; UNESCO; UNIDO; UNOCI; UNWTO; UPU; WCO; WFTU (NGOs); WHO; WIPO; WMO; WTO"
"129","Malaysia","ADB; APEC; ARF; ASEAN; BIS; C; CICA (observer); CP; D-8; EAS; FAO; G-15; G-77; IAEA; IBRD; ICAO; ICC (national committees); ICRM; IDA; IDB; IFAD; IFC; IFRCS; IHO; ILO; IMF; IMO; IMSO; Interpol; IOC; IPU; ISO; ITSO; ITU; ITUC (NGOs); MIGA; MINURSO; MONUSCO; NAM; OIC; OPCW; PCA; PIF (partner); UN; UNAMID; UNCTAD; UNESCO; UNIDO; UNIFIL; UNMIL; UNWTO; UPU; WCO; WFTU (NGOs); WHO; WIPO; WMO; WTO"
"130","Maldives","ADB; AOSIS; C; CP; FAO; G-77; IBRD; ICAO; ICC (NGOs); IDA; IDB; IFAD; IFC; IFRCS; ILO; IMF; IMO; Interpol; IOC; IOM; IPU; ITU; MIGA; NAM; OIC; OPCW; SAARC; SACEP; UN; UNCTAD; UNESCO; UNIDO; UNWTO; UPU; WCO; WHO; WIPO; WMO; WTO"
"131","Mali","ACP; AfDB; AU; CD; ECOWAS; EITI (compliant country); FAO; FZ; G-77; IAEA; IBRD; ICAO; ICRM; IDA; IDB; IFAD; IFC; IFRCS; ILO; IMF; Interpol; IOC; IOM; IPU; ISO; ITSO; ITU; ITUC (NGOs); MIGA; MONUSCO; NAM; OIC; OIF; OPCW; UN; UNAMID; UNCTAD; UNESCO; UNIDO; UNMIL; UNMISS; UNWTO; UPU; WADB (regional); WAEMU; WCO; WFTU (NGOs); WHO; WIPO; WMO; WTO"
"132","Malta","Australia Group; C; CD; CE; EAPC; EBRD; ECB; EIB; EMU; EU; FAO; IAEA; IBRD; ICAO; ICC (NGOs); ICRM; IDA; IFAD; IFC; IFRCS; ILO; IMF; IMO; IMSO; Interpol; IOC; IOM; IPU; ISO; ITSO; ITU; ITUC (NGOs); MIGA; NSG; OAS (observer); OPCW; OSCE; PCA; PFP; Schengen Convention; UN; UNCTAD; UNESCO; UNIDO; Union Latina (observer); UNWTO; UPU; WCO; WHO; WIPO; WMO; WTO"
"133","Marshall Islands","ACP; ADB; AOSIS; FAO; G-77; IAEA; IBRD; ICAO; IDA; IFAD; IFC; ILO; IMF; IMO; IMSO; Interpol; IOC; ITU; OPCW; PIF; Sparteca; SPC; UN; UNCTAD; UNESCO; WHO"
"134","Mauritania","ABEDA; ACP; AfDB; AFESD; AMF; AMU; AU; CAEU (candidate); EITI (compliant country); FAO; G-77; IAEA; IBRD; ICAO; ICRM; IDA; IDB; IFAD; IFC; IFRCS; IHO (pending member); ILO; IMF; IMO; Interpol; IOC; IOM; IPU; ISO (correspondent); ITSO; ITU; ITUC (NGOs); LAS; MIGA; NAM; OIC; OIF; OPCW; UN; UNCTAD; UNESCO; UNIDO; UNWTO; UPU; WCO; WHO; WIPO; WMO; WTO"
"135","Mauritius","ACP; AfDB; AOSIS; AU; C; CD; COMESA; CPLP (associate); FAO; G-77; IAEA; IBRD; ICAO; ICC (NGOs); ICRM; IDA; IFAD; IFC; IFRCS; IHO; ILO; IMF; IMO; IMSO; InOC; Interpol; IOC; IOM; IPU; ISO; ITSO; ITU; ITUC (NGOs); MIGA; NAM; OIF; OPCW; PCA; SAARC (observer); SADC; UN; UNCTAD; UNESCO; UNIDO; UNWTO; UPU; WCO; WFTU (NGOs); WHO; WIPO; WMO; WTO"
"136","Mexico","APEC; BCIE; BIS; CAN (observer); Caricom (observer); CD; CDB; CE (observer); CELAC; CSN (observer); EBRD; FAO; FATF; G-20; G-3; G-15; G-24; IADB; IAEA; IBRD; ICAO; ICC (national committees); ICRM; IDA; IFAD; IFC; IFRCS; IHO; ILO; IMF; IMO; IMSO; Interpol; IOC; IOM; IPU; ISO; ITSO; ITU; ITUC (NGOs); LAES; LAIA; MIGA; NAFTA; NAM (observer); NEA; OAS; OECD; OPANAL; OPCW; Paris Club (associate); PCA; SICA (observer); UN; UNASUR (observer); UNCTAD; UNESCO; UNHCR; UNIDO; Union Latina (observer); UNWTO; UPU; WCO; WFTU (NGOs); WHO; WIPO; WMO; WTO"
"137","Micronesia, Federated States of","ACP; ADB; AOSIS; FAO; G-77; IBRD; ICAO; ICRM; IDA; IFC; IFRCS; IMF; IOC; IOM; IPU; ITSO; ITU; MIGA; OPCW; PIF; Sparteca; SPC; UN; UNCTAD; UNESCO; WHO; WMO"
"138","Moldova","BSEC; CD; CE; CEI; CIS; EAEC (observer); EAPC; EBRD; FAO; GCTU; GUAM; IAEA; IBRD; ICAO; ICC (NGOs); ICRM; IDA; IFAD; IFC; IFRCS; ILO; IMF; IMO; Interpol; IOC; IOM; IPU; ISO (correspondent); ITU; ITUC (NGOs); MIGA; OIF; OPCW; OSCE; PFP; SELEC; UN; UNCTAD; UNESCO; UNHCR; UNIDO; Union Latina; UNMIL; UNMISS; UNOCI; UNWTO; UPU; WCO; WHO; WIPO; WMO; WTO"
"139","Monaco","CD; CE; FAO; IAEA; ICAO; ICC (national committees); ICRM; IFRCS; IHO; IMO; IMSO; Interpol; IOC; IPU; ITSO; ITU; OAS (observer); OIF; OPCW; OSCE; Schengen Convention (de facto member); UN; UNCTAD; UNESCO; UNIDO; Union Latina; UNWTO; UPU; WHO; WIPO; WMO"
"140","Mongolia","ADB; ARF; CD; CICA; CP; EBRD; EITI (compliant country); FAO; G-77; IAEA; IBRD; ICAO; ICC (NGOs); ICRM; IDA; IFAD; IFC; IFRCS; ILO; IMF; IMO; IMSO; Interpol; IOC; IOM; IPU; ISO; ITSO; ITU; ITUC; MIGA; MINURSO; MONUSCO; NAM; OPCW; OSCE; SCO (observer); UN; UNAMID; UNCTAD; UNESCO; UNIDO; UNISFA; UNMISS; UNWTO; UPU; WCO; WHO; WIPO; WMO; WTO"
"141","Montenegro","CE; CEI; EAPC; EBRD; FAO; IAEA; IBRD; ICAO; ICC (NGOs); ICRM; IDA; IFC; IFRCS; IHO (pending member); ILO; IMF; IMO; IMSO; Interpol; IOC; IOM; IPU; ISO (correspondent); ITSO; ITU; ITUC (NGOs); MIGA; NAM (observer); OIF (observer); OPCW; OSCE; PCA; PFP; SELEC; UN; UNCTAD; UNESCO; UNHCR; UNIDO; UNMIL; UNWTO; UPU; WCO; WHO; WIPO; WMO; WTO"
"142","Montserrat","Caricom; CDB; Interpol (subbureau); OECS; UPU"
"143","Morocco","ABEDA; AfDB; AFESD; AMF; AMU; CAEU; CD; EBRD; FAO; G-11; G-77; IAEA; IBRD; ICAO; ICC (national committees); ICRM; IDA; IDB; IFAD; IFC; IFRCS; IHO; ILO; IMF; IMO; IMSO; Interpol; IOC; IOM; IPU; ISO; ITSO; ITU; ITUC (NGOs); LAS; MIGA; MONUSCO; NAM; OAS (observer); OIC; OIF; OPCW; OSCE (partner); Paris Club (associate); PCA; UN; UNCTAD; UNESCO; UNHCR; UNIDO; UNOCI; UNSC (temporary); UNWTO; UPU; WCO; WHO; WIPO; WMO; WTO"
"144","Mozambique","ACP; AfDB; AU; C; CD; CPLP; EITI (compliant country); FAO; G-77; IAEA; IBRD; ICAO; ICC (NGOs); ICRM; IDA; IDB; IFAD; IFC; IFRCS; IHO; ILO; IMF; IMO; IMSO; Interpol; IOC; IOM; IPU; ISO (correspondent); ITSO; ITU; ITUC (NGOs); MIGA; NAM; OIC; OIF (observer); OPCW; SADC; UN; UNCTAD; UNESCO; UNHCR; UNIDO; Union Latina; UNISFA; UNWTO; UPU; WCO; WFTU (NGOs); WHO; WIPO; WMO; WTO"
"145","Namibia","ACP; AfDB; AU; C; CD; FAO; G-77; IAEA; IBRD; ICAO; ICRM; IDA; IFAD; IFC; IFRCS; ILO; IMF; IMO; Interpol; IOC; IOM; IPU; ISO; ITSO; ITU; ITUC (NGOs); MIGA; NAM; OPCW; SACU; SADC; UN; UNAMID; UNCTAD; UNESCO; UNHCR; UNIDO; UNISFA; UNMIL; UNMISS; UNOCI; UNWTO; UPU; WCO; WHO; WIPO; WMO; WTO"
"146","Nauru","ACP; ADB; AOSIS; C; FAO; G-77; ICAO; Interpol; IOC; IOM; ITU; OPCW; PIF; Sparteca; SPC; UN; UNCTAD; UNESCO; UPU; WHO"
"147","Nepal","ADB; BIMSTEC; CD; CP; FAO; G-77; IAEA; IBRD; ICAO; ICC; ICRM; IDA; IFAD; IFC; IFRCS; ILO; IMF; IMO; Interpol; IOC; IOM; IPU; ISO (correspondent); ITSO; ITU; ITUC (NGOs); MIGA; MINURSO; MINUSTAH; MONUSCO; NAM; OPCW; SAARC; SACEP; UN; UNAMID; UNCTAD; UNESCO; UNIDO; UNIFIL; UNISFA; UNMIL; UNMISS; UNMIT; UNOCI; UNTSO; UNWTO; UPU; WCO; WFTU (NGOs); WHO; WIPO; WMO; WTO"
"148","Netherlands","ADB (nonregional member); AfDB (nonregional member); Arctic Council (observer); Australia Group; Benelux; BIS; CBSS (observer); CD; CE; CERN; EAPC; EBRD; ECB; EIB; EITI (implementing country); EMU; ESA; EU; FAO; FATF; G-10; IADB; IAEA; IBRD; ICAO; ICC (national committees); ICRM; IDA; IEA; IFAD; IFC; IFRCS; IGAD (partners); IHO; ILO; IMF; IMO; IMSO; Interpol; IOC; IOM; IPU; ISO; ITSO; ITU; ITUC (NGOs); MIGA; NATO; NEA; NSG; OAS (observer); OECD; OPCW; OSCE; Paris Club; PCA; Schengen Convention; SELEC (observer); UN; UNAMID; UNCTAD; UNESCO; UNHCR; UNIDO; UNMISS; UNRWA; UNTSO; UNWTO; UPU; WCO; WHO; WIPO; WMO; WTO; ZC"
"149","New Caledonia","PIF (associate member); SPC; UPU; WFTU (NGOs)"
"150","New Zealand","ADB; ANZUS (US suspended security obligations to NZ on 11 August 1986); APEC; ARF; ASEAN (dialogue partner); Australia Group; BIS; C; CD; CP; EAS; EBRD; FAO; FATF; IAEA; IBRD; ICAO; ICC (national committees); ICRM; IDA; IEA; IFAD; IFC; IFRCS; IHO; ILO; IMF; IMO; IMSO; Interpol; IOC; IOM; IPU; ISO; ITSO; ITU; ITUC (NGOs); MIGA; NSG; OECD; OPCW; Paris Club (associate); PCA; PIF; Sparteca; SPC; UN; UNCTAD; UNESCO; UNHCR; UNIDO; UNMISS; UNMIT; UNTSO; UPU; WCO; WFTU (NGOs); WHO; WIPO; WMO; WTO"
"151","Nicaragua","BCIE; CACM; CD; CELAC; FAO; G-77; IADB; IAEA; IBRD; ICAO; ICRM; IDA; IFAD; IFC; IFRCS; ILO; IMF; IMO; Interpol; IOC; IOM; IPU; ISO (correspondent); ITSO; ITU; ITUC (NGOs); LAES; LAIA; LAIA (observer); MIGA; NAM; OAS; OPANAL; OPCW; PCA; Petrocaribe; SICA; UN; UNCTAD; UNESCO; UNHCR; UNIDO; Union Latina; UNWTO; UPU; WCO; WHO; WIPO; WMO; WTO"
"152","Niger","ACP; AfDB; AU; CD; ECOWAS; EITI (compliant country); Entente; FAO; FZ; G-77; IAEA; IBRD; ICAO; ICRM; IDA; IDB; IFAD; IFC; IFRCS; ILO; IMF; Interpol; IOC; IOM; IPU; ISO (correspondent); ITSO; ITU; ITUC (NGOs); MIGA; MONUSCO; NAM; OIC; OIF; OPCW; UN; UNCTAD; UNESCO; UNIDO; UNMIL; UNOCI; UNWTO; UPU; WADB (regional); WAEMU; WCO; WFTU (NGOs); WHO; WIPO; WMO; WTO"
"153","Nigeria","ACP; AfDB; AU; C; CD; D-8; ECOWAS; EITI (compliant country); FAO; G-15; G-24; G-77; IAEA; IBRD; ICAO; ICC (national committees); ICRM; IDA; IDB; IFAD; IFC; IFRCS; IHO; ILO; IMF; IMO; IMSO; Interpol; IOC; IOM; IPU; ISO; ITSO; ITU; ITUC (NGOs); MIGA; MINURSO; MONUSCO; NAM; OAS (observer); OIC; OPCW; OPEC; PCA; UN; UNAMID; UNCTAD; UNESCO; UNHCR; UNIDO; UNIFIL; UNISFA; UNITAR; UNMIL; UNMISS; UNOCI; UNWTO; UPU; WCO; WFTU (NGOs); WHO; WIPO; WMO; WTO"
"154","Niue","ACP; AOSIS; FAO; IFAD; OPCW; PIF; Sparteca; SPC; UNESCO; UPU; WHO; WMO"
"155","Norfolk Island","UPU"
"156","Northern Mariana Islands","SPC; UPU"
"157","Norway","ADB (nonregional member); AfDB (nonregional member); Arctic Council; Australia Group; BIS; CBSS; CD; CE; CERN; EAPC; EBRD; EFTA; EITI (implementing country); ESA; FAO; FATF; IADB; IAEA; IBRD; ICAO; ICC (national committees); ICRM; IDA; IEA; IFAD; IFC; IFRCS; IGAD (partners); IHO; ILO; IMF; IMO; IMSO; Interpol; IOC; IOM; IPU; ISO; ITSO; ITU; ITUC (NGOs); MIGA; MONUSCO; NATO; NC; NEA; NIB; NSG; OAS (observer); OECD; OPCW; OSCE; Paris Club; PCA; Schengen Convention; UN; UNCTAD; UNESCO; UNHCR; UNIDO; UNITAR; UNMISS; UNRWA; UNTSO; UNWTO; UPU; WCO; WHO; WIPO; WMO; WTO; ZC"
"158","Oman","ABEDA; AFESD; AMF; CAEU; FAO; G-77; GCC; IAEA; IBRD; ICAO; ICC (NGOs); IDA; IDB; IFAD; IFC; IHO; ILO; IMF; IMO; IMSO; Interpol; IOC; IPU; ISO; ITSO; ITU; LAS; MIGA; NAM; OIC; OPCW; UN; UNCTAD; UNESCO; UNIDO; UNWTO; UPU; WCO; WFTU (NGOs); WHO; WIPO; WMO; WTO"
"159","Pakistan","ADB; ARF; ASEAN (dialogue partner); C; CICA; CP; D-8; ECO; FAO; G-11; G-24; G-77; IAEA; IBRD; ICAO; ICC (national committees); ICRM; IDA; IDB; IFAD; IFC; IFRCS; IHO; ILO; IMF; IMO; IMSO; Interpol; IOC; IOM; IPU; ISO; ITSO; ITU; ITUC (NGOs); LAIA (observer); MIGA; MINURSO; MONUSCO; NAM; OAS (observer); OIC; OPCW; PCA; SAARC; SACEP; SCO (observer); UN; UNAMID; UNCTAD; UNESCO; UNHCR; UNIDO; UNISFA; UNMIL; UNMIT; UNOCI; UNSC (temporary); UNWTO; UPU; WCO; WFTU (NGOs); WHO; WIPO; WMO; WTO"
"160","Palau","ACP; ADB; AOSIS; FAO; IAEA; IBRD; ICAO; ICRM; IDA; IFC; IFRCS; ILO; IMF; IMO; IMSO; IOC; IPU; MIGA; OPCW; PIF; Sparteca; SPC; UN; UNAMID; UNCTAD; UNESCO; WHO"
"161","Panama","BCIE; CAN (observer); CD; CELAC; CSN (observer); FAO; G-77; IADB; IAEA; IBRD; ICAO; ICC (national committees); ICRM; IDA; IFAD; IFC; IFRCS; ILO; IMF; IMO; IMSO; Interpol; IOC; IOM; IPU; ISO; ITSO; ITU; ITUC (NGOs); LAES; LAIA; MIGA; NAM; OAS; OPANAL; OPCW; PCA; SICA; UN; UNASUR (observer); UNCTAD; UNESCO; UNIDO; Union Latina; UNWTO; UPU; WCO; WFTU (NGOs); WHO; WIPO; WMO; WTO"
"162","Papua New Guinea","ACP; ADB; AOSIS; APEC; ARF; ASEAN (observer); C; CD; CP; FAO; G-77; IAEA; IBRD; ICAO; ICRM; IDA; IFAD; IFC; IFRCS; IHO; ILO; IMF; IMO; Interpol; IOC; IOM; IOM (observer); IPU; ISO (correspondent); ITSO; ITU; MIGA; NAM; OPCW; PIF; Sparteca; SPC; UN; UNCTAD; UNESCO; UNIDO; UNMISS; UNWTO; UPU; WCO; WFTU (NGOs); WHO; WIPO; WMO; WTO"
"163","Paraguay","CAN (associate); CD; CELAC; FAO; G-11; G-77; IADB; IAEA; IBRD; ICAO; ICRM; IDA; IFAD; IFC; IFRCS; ILO; IMF; IMO; Interpol; IOC; IOM; IPU; ISO (correspondent); ITSO; ITU; ITUC (NGOs); LAES; LAIA; Mercosur (suspended); MIGA; MINURSO; MINUSTAH; MONUSCO; NAM (observer); OAS; OPANAL; OPCW; PCA; UN; UNASUR; UNCTAD; UNESCO; UNFICYP; UNIDO; Union Latina; UNISFA; UNMIL; UNMISS; UNOCI; UNWTO; UPU; WCO; WHO; WIPO; WMO; WTO"
"164","Peru","APEC; BIS; CAN; CD; CELAC; EITI (compliant country); FAO; G-24; G-77; IADB; IAEA; IBRD; ICAO; ICC (NGOs); ICRM; IDA; IFAD; IFC; IFRCS; IHO; ILO; IMF; IMO; IMSO; Interpol; IOC; IOM; IPU; ISO; ITSO; ITU; ITUC (NGOs); LAES; LAIA; Mercosur (associate); MIGA; MINURSO; MINUSTAH; MONUSCO; NAM; OAS; OPANAL; OPCW; PCA; SICA (observer); UN; UNASUR; UNCTAD; UNESCO; UNIDO; Union Latina; UNISFA; UNMIL; UNMISS; UNOCI; UNWTO; UPU; WCO; WFTU (NGOs); WHO; WIPO; WMO; WTO"
"165","Philippines","ADB; APEC; APT; ARF; ASEAN; BIS; CD; CICA (observer); CP; EAS; FAO; G-24; G-77; IAEA; IBRD; ICAO; ICC (national committees); ICRM; IDA; IFAD; IFC; IFRCS; IHO; ILO; IMF; IMO; IMSO; Interpol; IOC; IOM; IPU; ISO; ITSO; ITU; ITUC (NGOs); MIGA; MINUSTAH; NAM; OAS (observer); OPCW; PCA; PIF (partner); UN; UNCTAD; UNDOF; UNESCO; UNHCR; UNIDO; Union Latina; UNISFA; UNMIL; UNMISS; UNMIT; UNMOGIP; UNOCI; UNWTO; UPU; WCO; WFTU (NGOs); WHO; WIPO; WMO; WTO"
"166","Pitcairn Islands","SPC; UPU"
"167","Poland","Arctic Council (observer); Australia Group; BIS; BSEC (observer); CBSS; CD; CE; CEI; CERN; EAPC; EBRD; EIB; ESA; EU; FAO; IAEA; IBRD; ICAO; ICC (national committees); ICRM; IDA; IEA; IFC; IFRCS; IHO; ILO; IMF; IMO; IMSO; Interpol; IOC; IOM; IPU; ISO; ITSO; ITU; ITUC (NGOs); MIGA; MONUSCO; NATO; NEA; NSG; OAS (observer); OECD; OIF (observer); OPCW; OSCE; PCA; Schengen Convention; UN; UNCTAD; UNESCO; UNHCR; UNIDO; UNMIL; UNMISS; UNOCI; UNWTO; UPU; WCO; WFTU (NGOs); WHO; WIPO; WMO; WTO; ZC"
"168","Portugal","ADB (nonregional member); AfDB (nonregional member); Australia Group; BIS; CD; CE; CERN; CPLP; EAPC; EBRD; ECB; EIB; EMU; ESA; EU; FAO; FATF; IADB; IAEA; IBRD; ICAO; ICC (national committees); ICRM; IDA; IEA; IFAD; IFC; IFRCS; IHO; ILO; IMF; IMO; IMSO; Interpol; IOC; IOM; IPU; ISO; ITSO; ITU; ITUC (NGOs); LAIA (observer); MIGA; NATO; NEA; NSG; OAS (observer); OECD; OPCW; OSCE; Paris Club (associate); PCA; Schengen Convention; SELEC (observer); UN; UNCTAD; UNESCO; UNHCR; UNIDO; Union Latina; UNMIT; UNSC (temporary); UNWTO; UPU; WCO; WFTU (NGOs); WHO; WIPO; WMO; WTO; ZC"
"169","Puerto Rico","Caricom (observer); Interpol (subbureau); IOC; UNWTO (associate); UPU"
"170","Qatar","ABEDA; AFESD; AMF; CAEU; CD; CICA (observer); EITI (implementing country); FAO; G-77; GCC; IAEA; IBRD; ICAO; ICC (national committees); ICRM; IDA; IDB; IFAD; IFC; IFRCS; IHO; ILO; IMF; IMO; IMSO; Interpol; IOC; IOM (observer); IPU; ISO; ITSO; ITU; LAS; MIGA; NAM; OAPEC; OAS (observer); OIC; OPCW; OPEC; PCA; UN; UNCTAD; UNESCO; UNIDO; UNIFIL; UNWTO; UPU; WCO; WHO; WIPO; WMO; WTO"
"171","Romania","Australia Group; BIS; BSEC; CBSS (observer); CD; CE; CEI; EAPC; EBRD; EIB; ESA; EU; FAO; G-9; IAEA; IBRD; ICAO; ICC (national committees); ICRM; IDA; IFAD; IFC; IFRCS; IHO; ILO; IMF; IMO; IMSO; Interpol; IOC; IOM; IPU; ISO; ITSO; ITU; ITUC (NGOs); LAIA (observer); MIGA; MONUSCO; NATO; NSG; OAS (observer); OIF; OPCW; OSCE; PCA; SELEC; UN; UNCTAD; UNESCO; UNHCR; UNIDO; Union Latina; UNMIL; UNMISS; UNOCI; UNWTO; UPU; WCO; WFTU (NGOs); WHO; WIPO; WMO; WTO; ZC"
"172","Russia","APEC; Arctic Council; ARF; ASEAN (dialogue partner); BIS; BRICS; BSEC; CBSS; CD; CE; CERN (observer); CICA; CIS; CSTO; EAEC; EAPC; EAS; EBRD; FAO; FATF; G-20; G-8; GCTU; IAEA; IBRD; ICAO; ICC (national committees); ICRM; IDA; IFC; IFRCS; IHO; ILO; IMF; IMO; IMSO; Interpol; IOC; IOM (observer); IPU; ISO; ITSO; ITU; ITUC (NGOs); LAIA (observer); MIGA; MINURSO; MONUSCO; NSG; OAS (observer); OIC (observer); OPCW; OSCE; Paris Club; PCA; PFP; SCO; UN; UNCTAD; UNESCO; UNHCR; UNIDO; UNISFA; UNMIL; UNMISS; UNOCI; UNSC (permanent); UNTSO; UNWTO; UPU; WCO; WFTU (NGOs); WHO; WIPO; WMO; WTO; ZC"
"173","Rwanda","ACP; AfDB; AU; C; CEPGL; COMESA; EAC; EADB; FAO; G-77; IAEA; IBRD; ICAO; ICRM; IDA; IFAD; IFC; IFRCS; ILO; IMF; Interpol; IOC; IOM; IPU; ISO (correspondent); ITSO; ITU; ITUC (NGOs); MIGA; NAM; OIF; OPCW; PCA; UN; UN Security Council (temporary); UNAMID; UNCTAD; UNESCO; UNHCR; UNIDO; UNISFA; UNMISS; UNWTO; UPU; WCO; WHO; WIPO; WMO; WTO"
"174","Saint Barthelemy","UPU"
"175","Saint Helena, Ascension, and Tristan da Cunha","UPU"
"176","Saint Kitts and Nevis","ACP; AOSIS; C; Caricom; CDB; CELAC; FAO; G-77; IBRD; ICAO; ICRM; IDA; IFAD; IFC; IFRCS; ILO; IMF; IMO; Interpol; IOC; ITU; MIGA; NAM; OAS; OECS; OPANAL; OPCW; Petrocaribe; UN; UNCTAD; UNESCO; UNIDO; UPU; WHO; WIPO; WTO"
"177","Saint Lucia","ACP; AOSIS; C; Caricom; CD; CDB; CELAC; FAO; G-77; IBRD; ICAO; ICRM; IDA; IFAD; IFC; IFRCS; ILO; IMF; IMO; Interpol; IOC; ISO; ITU; ITUC (NGOs); MIGA; NAM; OAS; OECS; OIF; OPANAL; OPCW; Petrocaribe; UN; UNCTAD; UNESCO; UNIDO; UPU; WCO; WFTU (NGOs); WHO; WIPO; WMO; WTO"
"178","Saint Martin","UPU"
"179","Saint Pierre and Miquelon","UPU; WFTU (NGOs)"
"180","Saint Vincent and the Grenadines","ACP; AOSIS; C; Caricom; CDB; CELAC; FAO; G-77; IBRD; ICAO; ICRM; IDA; IFAD; IFRCS; ILO; IMF; IMO; Interpol; IOC; IOM; ISO (subscriber); ITU; MIGA; NAM; OAS; OECS; OPANAL; OPCW; Petrocaribe; UN; UNCTAD; UNESCO; UNIDO; UPU; WFTU (NGOs); WHO; WIPO; WTO"
"181","Samoa","ACP; ADB; AOSIS; C; FAO; G-77; IBRD; ICAO; ICRM; IDA; IFAD; IFC; IFRCS; ILO; IMF; IMO; Interpol; IOC; IPU; ITU; ITUC (NGOs); MIGA; OPCW; PIF; Sparteca; SPC; UN; UNCTAD; UNESCO; UNIDO; UPU; WCO; WHO; WIPO; WMO; WTO"
"182","San Marino","CE; FAO; IAEA; IBRD; ICAO; ICC (NGOs); ICRM; IDA; IFRCS; ILO; IMF; IMO; Interpol; IOC; IOM (observer); IPU; ITU; ITUC (NGOs); LAIA (observer); OPCW; OSCE; Schengen Convention (de facto member); UN; UNCTAD; UNESCO; Union Latina; UNWTO; UPU; WHO; WIPO"
"183","Sao Tome and Principe","ACP; AfDB; AOSIS; AU; CD; CPLP; EITI (candidate country); FAO; G-77; IBRD; ICAO; ICRM; IDA; IFAD; IFC; IFRCS; ILO; IMF; IMO; Interpol; IOC; IOM (observer); IPU; ITU; ITUC (NGOs); NAM; OIF; OPCW; UN; UNCTAD; UNESCO; UNIDO; Union Latina; UNWTO; UPU; WCO; WHO; WIPO; WMO; WTO (observer)"
"184","Saudi Arabia","ABEDA; AfDB (nonregional member); AFESD; AMF; BIS; CAEU; CP; FAO; G-20; G-77; GCC; IAEA; IBRD; ICAO; ICC (national committees); ICRM; IDA; IDB; IFAD; IFC; IFRCS; IHO; ILO; IMF; IMO; IMSO; Interpol; IOC; IOM (observer); IPU; ISO; ITSO; ITU; LAS; MIGA; NAM; OAPEC; OAS (observer); OIC; OPCW; OPEC; PCA; UN; UNCTAD; UNESCO; UNIDO; UNRWA; UNWTO; UPU; WCO; WFTU (NGOs); WHO; WIPO; WMO; WTO"
"185","Senegal","ACP; AfDB; AU; CD; CPLP (associate); ECOWAS; FAO; FZ; G-15; G-77; IAEA; IBRD; ICAO; ICC (national committees); ICRM; IDA; IDB; IFAD; IFC; IFRCS; ILO; IMF; IMO; IMSO; Interpol; IOC; IOM; IPU; ISO; ITSO; ITU; ITUC (NGOs); MIGA; MONUSCO; NAM; OIC; OIF; OPCW; PCA; UN; UNAMID; UNCTAD; UNESCO; UNIDO; Union Latina; UNMIL; UNMISS; UNOCI; UNWTO; UPU; WADB (regional); WAEMU; WCO; WFTU (NGOs); WHO; WIPO; WMO; WTO"
"186","Serbia","BIS; BSEC; CD; CE; CEI; EAPC; EBRD; EU (candidate country); FAO; G-9; IAEA; IBRD; ICAO; ICC (national committees); ICRM; IDA; IFC; IFRCS; IHO; ILO; IMF; IMO; IMSO; Interpol; IOC; IOM; IPU; ISO; ITSO; ITU; ITUC (NGOs); MIGA; MONUSCO; NAM (observer); OAS (observer); OIF (observer); OPCW; OSCE; PCA; PFP; SELEC; UN; UNCTAD; UNESCO; UNFICYP; UNHCR; UNIDO; UNIFIL; UNMIL; UNOCI; UNWTO; UPU; WCO; WHO; WIPO; WMO; WTO (observer)"
"187","Seychelles","ACP; AfDB; AOSIS; AU; C; CD; COMESA; FAO; G-77; IAEA; IBRD; ICAO; ICRM; IDA; IFAD; IFC; IFRCS; ILO; IMF; IMO; InOC; Interpol; IOC; IOM; IPU; ISO (correspondent); ITU; MIGA; NAM; OIF; OPCW; SADC; UN; UNCTAD; UNESCO; UNIDO; UNWTO; UPU; WCO; WHO; WIPO; WMO; WTO (observer)"
"188","Sierra Leone","ACP; AfDB; AU; C; ECOWAS; EITI (candidate country); FAO; G-77; IAEA; IBRD; ICAO; ICRM; IDA; IDB; IFAD; IFC; IFRCS; IHO (pending member); ILO; IMF; IMO; Interpol; IOC; IOM; IPU; ISO (correspondent); ITU; ITUC (NGOs); MIGA; NAM; OIC; OPCW; UN; UNAMID; UNCTAD; UNESCO; UNIDO; UNIFIL; UNISFA; UNMIT; UNWTO; UPU; WCO; WFTU (NGOs); WHO; WIPO; WMO; WTO"
"189","Singapore","ADB; AOSIS; APEC; ARF; ASEAN; BIS; C; CP; EAS; FATF; G-77; IAEA; IBRD; ICAO; ICC (national committees); ICRM; IDA; IFC; IFRCS; IHO; ILO; IMF; IMO; IMSO; Interpol; IOC; IPU; ISO; ITSO; ITU; ITUC (NGOs); MIGA; NAM; OPCW; PCA; UN; UNCTAD; UNESCO; UNMIT; UPU; WCO; WHO; WIPO; WMO; WTO"
"190","Slovakia","Australia Group; BIS; BSEC (observer); CBSS (observer); CD; CE; CEI; CERN; EAPC; EBRD; ECB; EIB; EMU; EU; FAO; IAEA; IBRD; ICAO; ICC (national committees); ICRM; IDA; IEA; IFC; IFRCS; ILO; IMF; IMO; IMSO; Interpol; IOC; IOM; IPU; ISO; ITU; ITUC (NGOs); MIGA; NATO; NEA; NSG; OAS (observer); OECD; OIF (observer); OPCW; OSCE; PCA; Schengen Convention; SELEC (observer); UN; UNCTAD; UNESCO; UNFICYP; UNIDO; UNTSO; UNWTO; UPU; WCO; WFTU (NGOs); WHO; WIPO; WMO; WTO; ZC"
"191","Slovenia","Australia Group; BIS; CD; CE; CEI; EAPC; EBRD; ECB; EIB; EMU; ESA (cooperating state); EU; FAO; IADB; IAEA; IBRD; ICAO; ICC (national committees); ICRM; IDA; IFC; IFRCS; IHO; ILO; IMF; IMO; Interpol; IOC; IOM; IPU; ISO; ITU; MIGA; NATO; NEA; NSG; OAS (observer); OECD; OIF (observer); OPCW; OSCE; PCA; Schengen Convention; SELEC; UN; UNCTAD; UNESCO; UNHCR; UNIDO; UNIFIL; UNTSO; UNWTO; UPU; WCO; WHO; WIPO; WMO; WTO; ZC"
"192","Solomon Islands","ACP; ADB; AOSIS; C; EITI (candidate country); ESCAP; FAO; G-77; IBRD; ICAO; ICRM; IDA; IFAD; IFC; IFRCS; ILO; IMF; IMO; IOC; ITU; MIGA; OPCW; PIF; Sparteca; SPC; UN; UNCTAD; UNESCO; UPU; WFTU; WHO; WMO; WTO"
"193","Somalia","ACP; AfDB; AFESD; AMF; AU; CAEU (candidate); FAO; G-77; IBRD; ICAO; ICRM; IDA; IDB; IFAD; IFC; IFRCS; IGAD; ILO; IMF; IMO; Interpol; IOC; IOM; ITSO; ITU; LAS; NAM; OIC; UN; UNCTAD; UNESCO; UNHCR; UNIDO; UPU; WFTU (NGOs); WHO; WIPO; WMO"
"194","South Africa","ACP; AfDB; AU; BIS; BRICS; C; CD; FAO; FATF; G-20; G-24; G-77; IAEA; IBRD; ICAO; ICC (national committees); ICRM; IDA; IFAD; IFC; IFRCS; IHO; ILO; IMF; IMO; IMSO; Interpol; IOC; IOM; IPU; ISO; ITSO; ITU; ITUC (NGOs); MIGA; MONUSCO; NAM; NSG; OECD (Enhanced Engagement; OPCW; Paris Club (associate); PCA; SACU; SADC; UN; UNAMID; UNCTAD; UNESCO; UNHCR; UNIDO; UNITAR; UNSC (temporary); UNWTO; UPU; WCO; WFTU (NGOs); WHO; WIPO; WMO; WTO; ZC"
"195","South Sudan","AU; IBRD; ICAO; IDA; IFAD; IFC; IFRCS; ILO; IMF; Interpol; IOM; ITU; MIGA; UN; UNCTAD; UNESCO; UPU"
"196","Spain","ADB (nonregional member); AfDB (nonregional member); Arctic Council (observer); Australia Group; BCIE; BIS; CAN (observer); CBSS (observer); CD; CE; CERN; EAPC; EBRD; ECB; EIB; EITI (implementing country); EMU; ESA; EU; FAO; FATF; IADB; IAEA; IBRD; ICAO; ICRM; IDA; IEA; IFAD; IFC; IFRCS; IHO; ILO; IMF; IMO; IMSO; Interpol; IOC; IOM; IPU; ISO; ITSO; ITU; ITUC (NGOs); LAIA (observer); MIGA; NATO; NEA; NSG; OAS (observer); OECD; OPCW; OSCE; Paris Club; PCA; Schengen Convention; SELEC (observer); SICA (observer); UN; UNCTAD; UNESCO; UNHCR; UNIDO; UNIFIL; Union Latina; UNRWA; UNWTO; UPU; WCO; WHO; WIPO; WMO; WTO; ZC"
"197","Sri Lanka","ABEDA; ADB; ARF; BIMSTEC; C; CD; CP; FAO; G-11; G-15; G-24; G-77; IAEA; IBRD; ICAO; ICC (national committees); ICRM; IDA; IFAD; IFC; IFRCS; IHO; ILO; IMF; IMO; IMSO; Interpol; IOC; IOM; IPU; ISO; ITSO; ITU; ITUC (NGOs); MIGA; MINURSO; MINUSTAH; MONUSCO; NAM; OAS (observer); OPCW; PCA; SAARC; SACEP; SCO (dialogue member); UN; UNCTAD; UNESCO; UNIDO; UNIFIL; UNISFA; UNMISS; UNWTO; UPU; WCO; WFTU (NGOs); WHO; WIPO; WMO; WTO"
"198","Sudan","ABEDA; ACP; AfDB; AFESD; AMF; AU; CAEU; COMESA; FAO; G-77; IAEA; IBRD; ICAO; ICC (NGOs); ICRM; IDA; IDB; IFAD; IFC; IFRCS; IGAD; ILO; IMF; IMO; Interpol; IOC; IOM; IPU; ISO; ITSO; ITU; LAS; MIGA; NAM; OIC; OPCW; PCA; UN; UNCTAD; UNESCO; UNHCR; UNIDO; UNWTO; UPU; WCO; WFTU (NGOs); WHO; WIPO; WMO; WTO (observer)"
"199","Suriname","ACP; AOSIS; Caricom; CD; CELAC; FAO; G-77; IADB; IBRD; ICAO; ICRM; IDA; IDB; IFAD; IFRCS; IHO; ILO; IMF; IMO; Interpol; IOC; IPU; ISO (correspondent); ITU; ITUC (NGOs); LAES; MIGA; NAM; OAS; OIC; OPANAL; OPCW; PCA; Petrocaribe; UN; UNASUR; UNCTAD; UNESCO; UNIDO; UPU; WHO; WIPO; WMO; WTO"
"200","Svalbard","none"
"201","Swaziland","ACP; AfDB; AU; C; COMESA; FAO; G-77; IAEA; IBRD; ICAO; ICRM; IDA; IFAD; IFC; IFRCS; ILO; IMF; IMO; Interpol; IOC; IOM; ISO (correspondent); ITSO; ITU; ITUC (NGOs); MIGA; NAM; OPCW; PCA; SACU; SADC; UN; UNCTAD; UNESCO; UNIDO; UNWTO; UPU; WCO; WHO; WIPO; WMO; WTO"
"202","Sweden","ADB (nonregional member); AfDB (nonregional member); Arctic Council; Australia Group; BIS; CBSS; CD; CE; CERN; EAPC; EBRD; EIB; EITI (implementing country); ESA; EU; FAO; FATF; G-9; G-10; IADB; IAEA; IBRD; ICAO; ICC (national committees); ICRM; IDA; IEA; IFAD; IFC; IFRCS; IGAD (partners); IHO; ILO; IMF; IMO; IMSO; Interpol; IOC; IOM; IPU; ISO; ITSO; ITU; ITUC (NGOs); MIGA; MONUSCO; NC; NEA; NIB; NSG; OAS (observer); OECD; OPCW; OSCE; Paris Club; PCA; PFP; Schengen Convention; UN; UNCTAD; UNESCO; UNHCR; UNIDO; UNISFA; UNMISS; UNMOGIP; UNRWA; UNTSO; UPU; WCO; WFTU (NGOs); WHO; WIPO; WMO; WTO; ZC"
"203","Switzerland","ADB (nonregional member); AfDB (nonregional member); Australia Group; BIS; CD; CE; CERN; EAPC; EBRD; EFTA; EITI (implementing country); ESA; FAO; FATF; G-10; IADB; IAEA; IBRD; ICAO; ICC (national committees); ICRM; IDA; IEA; IFAD; IFC; IFRCS; IGAD (partners); ILO; IMF; IMO; IMSO; Interpol; IOC; IOM; IPU; ISO; ITSO; ITU; ITUC (NGOs); LAIA (observer); MIGA; MONUSCO; NEA; NSG; OAS (observer); OECD; OIF; OPCW; OSCE; Paris Club; PCA; PFP; Schengen Convention; UN; UNCTAD; UNESCO; UNHCR; UNIDO; UNITAR; UNMISS; UNRWA; UNTSO; UNWTO; UPU; WCO; WHO; WIPO; WMO; WTO; ZC"
"204","Syria","ABEDA; AFESD; AMF; CAEU; FAO; G-24; G-77; IAEA; IBRD; ICAO; ICC (national committees); ICRM; IDA; IDB; IFAD; IFC; IFRCS; IHO; ILO; IMF; IMO; Interpol; IOC; IPU; ISO; ITSO; ITU; MIGA; NAM; OAPEC; OIC; UN; UNCTAD; UNESCO; UNIDO; UNRWA; UNWTO; UPU; WCO; WFTU (NGOs); WHO; WIPO; WMO; WTO (observer)"
"205","Taiwan","ADB; APEC; BCIE; ICC (national committees); IOC; ITUC (NGOs); WTO"
"206","Tajikistan","ADB; CICA; CIS; CSTO; EAEC; EAPC; EBRD; ECO; FAO; G-77; GCTU; IAEA; IBRD; ICAO; ICC (NGOs); ICRM; IDA; IDB; IFAD; IFC; IFRCS; ILO; IMF; Interpol; IOC; IOM; IPU; ISO (correspondent); ITSO; ITU; MIGA; NAM (observer); OIC; OPCW; OSCE; PFP; SCO; UN; UNCTAD; UNESCO; UNIDO; UNWTO; UPU; WCO; WFTU (NGOs); WHO; WIPO; WMO; WTO"
"207","Tanzania","ACP; AfDB; AU; C; CD; EAC; EADB; EITI (candidate country); FAO; G-77; IAEA; IBRD; ICAO; ICC (NGOs); ICRM; IDA; IFAD; IFC; IFRCS; ILO; IMF; IMO; IMSO; Interpol; IOC; IOM; IPU; ISO; ITSO; ITU; ITUC (NGOs); MIGA; MONUSCO; NAM; OPCW; SADC; UN; UNAMID; UNCTAD; UNESCO; UNHCR; UNIDO; UNIFIL; UNISFA; UNMISS; UNOCI; UNWTO; UPU; WCO; WFTU (NGOs); WHO; WIPO; WMO; WTO"
"208","Thailand","ADB; APEC; ARF; ASEAN; BIMSTEC; BIS; CD; CICA; CP; EAS; FAO; G-77; IAEA; IBRD; ICAO; ICC (national committees); ICRM; IDA; IFAD; IFC; IFRCS; IHO; ILO; IMF; IMO; IMSO; Interpol; IOC; IOM; IPU; ISO; ITSO; ITU; ITUC (NGOs); MIGA; NAM; OAS (observer); OIC (observer); OIF (observer); OPCW; OSCE (partner); PCA; PIF (partner); UN; UNAMID; UNCTAD; UNESCO; UNHCR; UNIDO; UNMOGIP; UNWTO; UPU; WCO; WFTU (NGOs); WHO; WIPO; WMO; WTO"
"209","Timor-Leste","ACP; ADB; AOSIS; ARF; ASEAN (observer); CPLP; EITI (compliant country); FAO; G-77; IBRD; ICAO; ICRM; IDA; IFAD; IFC; IFRCS; ILO; IMF; IMO; Interpol; IOC; IOM; IPU; ITU; MIGA; NAM; OPCW; PIF (observer); UN; UNCTAD; UNESCO; UNIDO; Union Latina; UNMISS; UNWTO; UPU; WCO; WHO; WMO"
"210","Togo","ACP; AfDB; AU; ECOWAS; EITI (candidate country); Entente; FAO; FZ; G-77; IAEA; IBRD; ICAO; ICC (national committees); ICRM; IDA; IDB; IFAD; IFC; IFRCS; ILO; IMF; IMO; Interpol; IOC; IOM; IPU; ISO (correspondent); ITSO; ITU; ITUC (NGOs); MIGA; NAM; OIC; OIF; OPCW; PCA; UN; UNAMID; UNCTAD; UNESCO; UNHCR; UNIDO; UNMIL; UNOCI; UNSC (temporary); UNWTO; UPU; WADB (regional); WAEMU; WCO; WFTU (NGOs); WHO; WIPO; WMO; WTO"
"211","Tokelau","PIF (observer); SPC; UNESCO (associate); UPU"
"212","Tonga","ACP; ADB; AOSIS; C; FAO; G-77; IAEA; IBRD; ICAO; ICRM; IDA; IFAD; IFC; IFRCS; IHO; IMF; IMO; IMSO; Interpol; IOC; ITU; ITUC (NGOs); OPCW; PIF; Sparteca; SPC; UN; UNCTAD; UNESCO; UNIDO; UPU; WCO; WHO; WIPO; WMO; WTO"
"213","Trinidad and Tobago","ACP; AOSIS; C; Caricom; CDB; CELAC; EITI (candidate country); FAO; G-24; G-77; IADB; IAEA; IBRD; ICAO; ICC (NGOs); ICRM; IDA; IFAD; IFC; IFRCS; IHO; ILO; IMF; IMO; Interpol; IOC; IOM; IPU; ISO; ITSO; ITU; ITUC (NGOs); LAES; MIGA; NAM; OAS; OPANAL; OPCW; Paris Club (associate); UN; UNCTAD; UNESCO; UNIDO; UPU; WCO; WFTU (NGOs); WHO; WIPO; WMO; WTO"
"214","Tunisia","ABEDA; AfDB; AFESD; AMF; AMU; AU; BSEC (observer); CD; EBRD; FAO; G-11; G-77; IAEA; IBRD; ICAO; ICC (national committees); ICRM; IDA; IDB; IFAD; IFC; IFRCS; IHO; ILO; IMF; IMO; IMSO; Interpol; IOC; IOM; IPU; ISO; ITSO; ITU; ITUC (NGOs); LAS; MIGA; MONUSCO; NAM; OAPEC; OAS (observer); OIC; OIF; OPCW; OSCE (partner); UN; UNCTAD; UNESCO; UNHCR; UNIDO; UNOCI; UNWTO; UPU; WCO; WFTU (NGOs); WHO; WIPO; WMO; WTO"
"215","Turkey","ADB (nonregional member); Australia Group; BIS; BSEC; CD; CE; CERN (observer); CICA; D-8; EAPC; EBRD; ECO; EU (candidate country); FAO; FATF; G-20; IAEA; IBRD; ICAO; ICC (national committees); ICRM; IDA; IDB; IEA; IFAD; IFC; IFRCS; IHO; ILO; IMF; IMO; IMSO; Interpol; IOC; IOM; IPU; ISO; ITSO; ITU; ITUC (NGOs); MIGA; NATO; NEA; NSG; OAS (observer); OECD; OIC; OPCW; OSCE; Paris Club (associate); PCA; SELEC; UN; UNCTAD; UNESCO; UNHCR; UNIDO; UNIFIL; UNRWA; UNWTO; UPU; WCO; WFTU (NGOs); WHO; WIPO; WMO; WTO; ZC"
"216","Turkmenistan","ADB; CIS (associate member; has not ratified the 1993 CIS charter although it participates in meetings and held the chairmanship of the CIS in 2012); EAPC; EBRD; ECO; FAO; G-77; IBRD; ICAO; ICRM; IDA; IDB; IFC; IFRCS; ILO; IMF; IMO; Interpol; IOC; IOM (observer); ISO (correspondent); ITU; MIGA; NAM; OIC; OPCW; OSCE; PFP; UN; UNCTAD; UNESCO; UNHCR; UNIDO; UNWTO; UPU; WCO; WFTU (NGOs); WHO; WIPO; WMO"
"217","Turks and Caicos Islands","Caricom (associate); CDB; Interpol (subbureau); UPU"
"218","Tuvalu","ACP; ADB; AOSIS; C; FAO; IBRD; IDA; IFRCS (observer); ILO; IMF; IMO; IOC; ITU; OPCW; PIF; Sparteca; SPC; UN; UNCTAD; UNESCO; UNIDO; UPU; WHO"
"219","Uganda","ACP; AfDB; AU; C; COMESA; EAC; EADB; FAO; G-77; IAEA; IBRD; ICAO; ICC (NGOs); ICRM; IDA; IDB; IFAD; IFC; IFRCS; IGAD; ILO; IMF; Interpol; IOC; IOM; IPU; ISO (correspondent); ITSO; ITU; ITUC (NGOs); MIGA; NAM; OIC; OPCW; PCA; UN; UNAMID; UNCTAD; UNESCO; UNHCR; UNIDO; UNOCI; UNWTO; UPU; WCO; WFTU (NGOs); WHO; WIPO; WMO; WTO"
"220","Ukraine","Australia Group; BSEC; CBSS (observer); CD; CE; CEI; CICA (observer); CIS (participating member; has not signed the 1993 CIS charter although it participates in meetings); EAEC (observer); EAPC; EBRD; FAO; GCTU; GUAM; IAEA; IBRD; ICAO; ICC (national committees); ICRM; IDA; IFC; IFRCS; IHO; ILO; IMF; IMO; IMSO; Interpol; IOC; IOM; IPU; ISO; ITU; ITUC (NGOs); LAIA (observer); MIGA; MONUSCO; NAM (observer); NSG; OAS (observer); OIF (observer); OPCW; OSCE; PCA; PFP; SELEC (observer); UN; UNCTAD; UNESCO; UNIDO; UNMIL; UNMISS; UNWTO; UPU; WCO; WFTU (NGOs); WHO; WIPO; WMO; WTO; ZC"
"221","United Arab Emirates","ABEDA; AfDB (nonregional member); AFESD; AMF; BIS; CAEU; CICA; FAO; G-77; GCC; IAEA; IBRD; ICAO; ICC (national committees); ICRM; IDA; IDB; IFAD; IFC; IFRCS; IHO; ILO; IMF; IMO; IMSO; Interpol; IOC; IPU; ISO; ITSO; ITU; LAS; MIGA; NAM; OAPEC; OIC; OIF (observer); OPCW; OPEC; PCA; UN; UNCTAD; UNESCO; UNIDO; UPU; WCO; WHO; WIPO; WMO; WTO"
"222","United Kingdom","ADB (nonregional member); AfDB (nonregional member); Arctic Council (observer); Australia Group; BIS; C; CBSS (observer); CD; CDB; CE; CERN; EAPC; EBRD; EIB; EITI (implementing country); ESA; EU; FAO; FATF; G-20; G-5; G-7; G-8; G-10; IADB; IAEA; IBRD; ICAO; ICC (national committees); ICRM; IDA; IEA; IFAD; IFC; IFRCS; IGAD (partners); IHO; ILO; IMF; IMO; IMSO; Interpol; IOC; IOM; IPU; ISO; ITSO; ITU; ITUC (NGOs); MIGA; MONUSCO; NATO; NEA; NSG; OAS (observer); OECD; OPCW; OSCE; Paris Club; PCA; PIF (partner); SELEC (observer); UN; UNCTAD; UNESCO; UNFICYP; UNHCR; UNIDO; UNISFA; UNMISS; UNRWA; UNSC (permanent); UPU; WCO; WHO; WIPO; WMO; WTO; ZC"
"223","United States","ADB (nonregional member); AfDB (nonregional member); ANZUS; APEC; Arctic Council; ARF; ASEAN (dialogue partner); Australia Group; BIS; BSEC (observer); CBSS (observer); CD; CE (observer); CERN (observer); CICA (observer); CP; EAPC; EAS; EBRD; EITI (implementing country); FAO; FATF; G-20; G-5; G-7; G-8; G-10; IADB; IAEA; IBRD; ICAO; ICC (national committees); ICRM; IDA; IEA; IFAD; IFC; IFRCS; IGAD (partners); IHO; ILO; IMF; IMO; IMSO; Interpol; IOC; IOM; ISO; ITSO; ITU; ITUC (NGOs); MIGA; MINUSTAH; MONUSCO; NAFTA; NATO; NEA; NSG; OAS; OECD; OPCW; OSCE; Paris Club; PCA; PIF (partner); SAARC (observer); SELEC (observer); SICA (observer); SPC; UN; UNCTAD; UNESCO; UNHCR; UNITAR; UNMIL; UNMISS; UNRWA; UNSC (permanent); UNTSO; UPU; WCO; WHO; WIPO; WMO; WTO; ZC"
"224","Uruguay","CAN (associate); CD; CELAC; FAO; G-77; IADB; IAEA; IBRD; ICAO; ICC (national committees); ICRM; IDA; IFAD; IFC; IFRCS; IHO; ILO; IMF; IMO; Interpol; IOC; IOM; IPU; ISO; ITSO; ITU; LAES; LAIA; Mercosur; MIGA; MINURSO; MINUSTAH; MONUSCO; NAM (observer); OAS; OPANAL; OPCW; PCA; UN; UNASUR; UNCTAD; UNESCO; UNIDO; Union Latina; UNISFA; UNMOGIP; UNOCI; UNWTO; UPU; WCO; WHO; WIPO; WMO; WTO"
"225","Uzbekistan","ADB; CICA; CIS; CSTO; EAPC; EBRD; ECO; FAO; IAEA; IBRD; ICAO; ICC (NGOs); ICRM; IDA; IDB; IFAD; IFC; IFRCS; ILO; IMF; Interpol; IOC; ISO; ITSO; ITU; MIGA; NAM; OIC; OPCW; OSCE; PFP; SCO; UN; UNCTAD; UNESCO; UNIDO; UNWTO; UPU; WCO; WFTU (NGOs); WHO; WIPO; WMO; WTO (observer)"
"226","Vanuatu","ACP; ADB; AOSIS; C; FAO; G-77; IBRD; ICAO; ICRM; IDA; IFC; IFRCS; ILO; IMF; IMO; IMSO; IOC; IOM; ITU; ITUC (NGOs); MIGA; NAM; OAS (observer); OIF; OPCW; PIF; Sparteca; SPC; UN; UNCTAD; UNESCO; UNIDO; UNWTO; UPU; WCO; WFTU (NGOs); WHO; WIPO; WMO; WTO"
"227","Venezuela","Caricom (observer); CD; CDB; CELAC; FAO; G-15; G-24; G-77; IADB; IAEA; IBRD; ICAO; ICC (NGOs); ICCt; ICRM; IDA; IFAD; IFC; IFRCS; IHO; ILO; IMF; IMO; IMSO; Interpol; IOC; IOM; IPU; ITSO; ITU; ITUC (NGOs); LAES; LAIA; LAS (observer); Mercosur; MIGA; NAM; OAS; OPANAL; OPCW; OPEC; PCA; Petrocaribe; UN; UNASUR; UNCTAD; UNESCO; UNHCR; UNIDO; Union Latina; UNWTO; UPU; WCO; WFTU (NGOs); WHO; WIPO; WMO; WTO"
"228","Vietnam","ADB; APEC; ARF; ASEAN; CICA; CP; EAS; FAO; G-77; IAEA; IBRD; ICAO; ICC (NGOs); ICRM; IDA; IFAD; IFC; IFRCS; ILO; IMF; IMO; IMSO; Interpol; IOC; IOM; IPU; ISO; ITSO; ITU; MIGA; NAM; OIF; OPCW; PCA; UN; UNCTAD; UNESCO; UNIDO; UNWTO; UPU; WCO; WFTU (NGOs); WHO; WIPO; WMO; WTO"
"229","Virgin Islands","IOC; UPU; WFTU (NGOs)"
"230","Wallis and Futuna","PIF (observer); SPC; UPU"
"231","Western Sahara","AU; CAN (observer); WFTU (NGOs)"
"232","Yemen","AFESD; AMF; CAEU; CD; EITI (compliant country); FAO; G-77; IAEA; IBRD; ICAO; ICRM; IDA; IDB; IFAD; IFC; IFRCS; ILO; IMF; IMO; IMSO; Interpol; IOC; IOM; IPU; ISO; ITSO; ITU; ITUC (NGOs); LAS; MIGA; MINURSO; MONUSCO; NAM; OAS (observer); OIC; OPCW; UN; UNAMID; UNCTAD; UNESCO; UNHCR; UNIDO; UNISFA; UNMIL; UNMIS; UNOCI; UNWTO; UPU; WCO; WFTU (NGOs); WHO; WIPO; WMO; WTO (observer)"
"233","Zambia","ACP; AfDB; AU; C; COMESA; EITI (compliant country); FAO; G-77; IAEA; IBRD; ICAO; ICRM; IDA; IFAD; IFC; IFRCS; ILO; IMF; Interpol; IOC; IOM; IPU; ISO (correspondent); ITSO; ITU; ITUC (NGOs); MIGA; MONUSCO; NAM; OPCW; PCA; SADC; UN; UNAMID; UNCTAD; UNESCO; UNHCR; UNIDO; UNISFA; UNMIL; UNMISS; UNWTO; UPU; WCO; WHO; WIPO; WMO; WTO"
"234","Zimbabwe","ACP; AfDB; AU; COMESA; FAO; G-15; G-77; IAEA; IBRD; ICAO; ICRM; IDA; IFAD; IFC; IFRCS; ILO; IMF; IMO; Interpol; IOC; IOM; IPU; ISO; ITSO; ITU; ITUC (NGOs); MIGA; NAM; OPCW; PCA; SADC; UN; UNAMID; UNCTAD; UNESCO; UNIDO; UNISFA; UNMIL; UNMISS; UNOCI; UNWTO; UPU; WCO; WFTU (NGOs); WHO; WIPO; WMO; WTO"
